This is LuaHBTeX, Version 1.24.0 (TeX Live 2026)  (format=lualatex 2026.5.18)  19 MAY 2026 08:23
 restricted system commands enabled.
**index.tex
(./index.tex
LaTeX2e <2025-11-01>
L3 programming layer <2026-04-28>
Lua module: luaotfload 2024-12-03 v3.29 Lua based OpenType font support
Lua module: lualibs 2023-07-13 v2.76 ConTeXt Lua standard libraries.
Lua module: lualibs-extended 2023-07-13 v2.76 ConTeXt Lua libraries -- extended collection.
luaotfload | conf : Root cache directory is "/Users/deborahapthorp/Library/TinyTeX/texmf-var/luatex-cache/generic/names".
luaotfload | init : Loading fontloader "fontloader-2023-12-28.lua" from kpse-resolved path "/Users/deborahapthorp/Library/TinyTeX/texmf-dist/tex/luatex/luaotfload/fontloader-2023-12-28.lua".
Lua-only attribute luaotfload@noligature = 1
luaotfload | init : Context OpenType loader version 3.134
Inserting `luaotfload.node_processor' in `pre_linebreak_filter'.
Inserting `luaotfload.node_processor' in `hpack_filter'.
Inserting `luaotfload.glyph_stream' in `glyph_stream_provider'.
Inserting `luaotfload.define_font' in `define_font'.
Lua-only attribute luaotfload_color_attribute = 2
luaotfload | conf : Root cache directory is "/Users/deborahapthorp/Library/TinyTeX/texmf-var/luatex-cache/generic/names".
Inserting `luaotfload.harf.strip_prefix' in `find_opentype_file'.
Inserting `luaotfload.harf.strip_prefix' in `find_truetype_file'.
Removing  `luaotfload.glyph_stream' from `glyph_stream_provider'.
Inserting `luaotfload.harf.glyphstream' in `glyph_stream_provider'.
Inserting `luaotfload.harf.finalize_vlist' in `post_linebreak_filter'.
Inserting `luaotfload.harf.finalize_hlist' in `hpack_filter'.
Inserting `luaotfload.cleanup_files' in `wrapup_run'.
Inserting `luaotfload.harf.finalize_unicode' in `finish_pdffile'.
Inserting `luaotfload.glyphinfo' in `glyph_info'.
Lua-only attribute luaotfload.letterspace_done = 3
Inserting `luaotfload.aux.set_sscale_dimens' in `luaotfload.patch_font'.
Inserting `luaotfload.aux.set_font_index' in `luaotfload.patch_font'.
Inserting `luaotfload.aux.patch_cambria_domh' in `luaotfload.patch_font'.
Inserting `luaotfload.aux.fixup_fontdata' in `luaotfload.patch_font_unsafe'.
Inserting `luaotfload.aux.set_capheight' in `luaotfload.patch_font'.
Inserting `luaotfload.aux.set_xheight' in `luaotfload.patch_font'.
Inserting `luaotfload.rewrite_fontname' in `luaotfload.patch_font'.
Inserting `tracingstacklevels' in `input_level_string'. (/Users/deborahapthorp/Library/TinyTeX/texmf-dist/tex/latex/koma-script/scrbook.cls
Document Class: scrbook 2026/02/02 v3.49.2 KOMA-Script document class (book)
(/Users/deborahapthorp/Library/TinyTeX/texmf-dist/tex/latex/koma-script/scrkbase.sty
Package: scrkbase 2026/02/02 v3.49.2 KOMA-Script package (KOMA-Script-dependent basics and keyval usage)
(/Users/deborahapthorp/Library/TinyTeX/texmf-dist/tex/latex/koma-script/scrbase.sty
Package: scrbase 2026/02/02 v3.49.2 KOMA-Script package (KOMA-Script-independent basics and keyval usage)
(/Users/deborahapthorp/Library/TinyTeX/texmf-dist/tex/latex/koma-script/scrlfile.sty
Package: scrlfile 2026/02/02 v3.49.2 KOMA-Script package (file load hooks)
(/Users/deborahapthorp/Library/TinyTeX/texmf-dist/tex/latex/koma-script/scrlfile-hook.sty
Package: scrlfile-hook 2026/02/02 v3.49.2 KOMA-Script package (using LaTeX hooks)
(/Users/deborahapthorp/Library/TinyTeX/texmf-dist/tex/latex/koma-script/scrlogo.sty
Package: scrlogo 2026/02/02 v3.49.2 KOMA-Script package (logo)
))) (/Users/deborahapthorp/Library/TinyTeX/texmf-dist/tex/latex/graphics/keyval.sty
Package: keyval 2022/05/29 v1.15 key=value parser (DPC)
\KV@toks@=\toks17
)
Applying: [2021/05/01] Usage of raw or classic option list on input line 254.
Already applied: [0000/00/00] Usage of raw or classic option list on input line 370.
)) (/Users/deborahapthorp/Library/TinyTeX/texmf-dist/tex/latex/koma-script/tocbasic.sty
Package: tocbasic 2026/02/02 v3.49.2 KOMA-Script package (handling toc-files)
\scr@dte@tocline@numberwidth=\skip49
\scr@dte@tocline@numbox=\box53
)
Package tocbasic Info: omitting babel extension for `toc'
(tocbasic)             because of feature `nobabel' available
(tocbasic)             for `toc' on input line 143.
Class scrbook Info: File `scrsize11pt.clo' used instead of
(scrbook)           file `scrsize11.clo' to setup font sizes on input line 2713.
(/Users/deborahapthorp/Library/TinyTeX/texmf-dist/tex/latex/koma-script/scrsize11pt.clo
File: scrsize11pt.clo 2026/02/02 v3.49.2 KOMA-Script font size class option (11pt)
luaotfload | db : Font names database loaded from /Users/deborahapthorp/Library/TinyTeX/texmf-var/luatex-cache/generic/names/luaotfload-names.luc.gz) (/Users/deborahapthorp/Library/TinyTeX/texmf-dist/tex/latex/koma-script/typearea.sty
Package: typearea 2026/02/02 v3.49.2 KOMA-Script package (type area)
\ta@bcor=\skip50
\ta@div=\count274
Package typearea Info: You've used standard option `letterpaper'.
(typearea)             This is correct!
(typearea)             Internally I'm using `paper=letter'.
(typearea)             If you'd like to set the option with \KOMAoptions,
(typearea)             you'd have to use `paper=letter' there
(typearea)             instead of `letterpaper', too.
\ta@hblk=\skip51
\ta@vblk=\skip52
\ta@temp=\skip53
\footheight=\skip54
Package typearea Info: With paper sizes other than (almost) `A4' predefined
(typearea)             DIV values do not exist. Using DIV calculation for good
(typearea)             line width (unless using `version=3.24` or prior).

Package typearea Info: DIV calculation for classic typearea. on input line 1810.

Package typearea Info: These are the values describing the layout:
(typearea)             DIV  = 7
(typearea)             BCOR = 0.0pt
(typearea)             \paperwidth      = 614.295pt
(typearea)              \textwidth      = 351.02573pt
(typearea)              DIV departure   = 3%
(typearea)              \evensidemargin = 103.24286pt
(typearea)              \oddsidemargin  = 15.48643pt
(typearea)             \paperheight     = 794.96999pt
(typearea)              \textheight     = 459.8002pt
(typearea)              \topmargin      = 3.89714pt
(typearea)              \headheight     = 17.0pt
(typearea)              \headsep        = 20.40001pt
(typearea)              \topskip        = 11.0pt
(typearea)              \footskip       = 47.6pt
(typearea)              \baselineskip   = 13.6pt
(typearea)              on input line 1810.
)
\c_scrbook_cmdhook_cctab=\catcodetable14
\c@part=\count275
\c@chapter=\count276
\c@section=\count277
\c@subsection=\count278
\c@subsubsection=\count279
\c@paragraph=\count280
\c@subparagraph=\count281
\scr@dte@chapter@maxnumwidth=\skip55
Class scrbook Info: using compatibility default `afterindent=bysign'
(scrbook)           for `\chapter on input line 5945.
\scr@dte@section@maxnumwidth=\skip56
Class scrbook Info: using compatibility default `runin=bysign'
(scrbook)           for `\section on input line 5956.
Class scrbook Info: using compatibility default `afterindent=bysign'
(scrbook)           for `\section on input line 5956.
\scr@dte@part@maxnumwidth=\skip57
Class scrbook Info: using compatibility default `afterindent=true'
(scrbook)           for `\part on input line 5965.
\scr@dte@subsection@maxnumwidth=\skip58
Class scrbook Info: using compatibility default `runin=bysign'
(scrbook)           for `\subsection on input line 5975.
Class scrbook Info: using compatibility default `afterindent=bysign'
(scrbook)           for `\subsection on input line 5975.
\scr@dte@subsubsection@maxnumwidth=\skip59
Class scrbook Info: using compatibility default `runin=bysign'
(scrbook)           for `\subsubsection on input line 5985.
Class scrbook Info: using compatibility default `afterindent=bysign'
(scrbook)           for `\subsubsection on input line 5985.
\scr@dte@paragraph@maxnumwidth=\skip60
Class scrbook Info: using compatibility default `runin=bysign'
(scrbook)           for `\paragraph on input line 5996.
Class scrbook Info: using compatibility default `afterindent=bysign'
(scrbook)           for `\paragraph on input line 5996.
\scr@dte@subparagraph@maxnumwidth=\skip61
Class scrbook Info: using compatibility default `runin=bysign'
(scrbook)           for `\subparagraph on input line 6006.
Class scrbook Info: using compatibility default `afterindent=bysign'
(scrbook)           for `\subparagraph on input line 6006.
\abovecaptionskip=\skip62
\belowcaptionskip=\skip63
\c@pti@nb@sid@b@x=\box54
Package tocbasic Info: omitting babel extension for `lof'
(tocbasic)             because of feature `nobabel' available
(tocbasic)             for `lof' on input line 7242.
\scr@dte@figure@maxnumwidth=\skip64
\c@figure=\count282
Package tocbasic Info: omitting babel extension for `lot'
(tocbasic)             because of feature `nobabel' available
(tocbasic)             for `lot' on input line 7255.
\scr@dte@table@maxnumwidth=\skip65
\c@table=\count283
Class scrbook Info: Redefining `\numberline' on input line 7426.
\bibindent=\dimen149
) (/Users/deborahapthorp/Library/TinyTeX/texmf-dist/tex/latex/xcolor/xcolor.sty
Package: xcolor 2024/09/29 v3.02 LaTeX color extensions (UK)
(/Users/deborahapthorp/Library/TinyTeX/texmf-dist/tex/latex/graphics-cfg/color.cfg
File: color.cfg 2016/01/02 v1.6 sample color configuration
)
Package xcolor Info: Driver file: luatex.def on input line 274.
(/Users/deborahapthorp/Library/TinyTeX/texmf-dist/tex/latex/graphics-def/luatex.def
File: luatex.def 2025/09/29 v1.2f Graphics/color driver for luatex
) (/Users/deborahapthorp/Library/TinyTeX/texmf-dist/tex/latex/graphics/mathcolor.ltx)
Package xcolor Info: Model `cmy' substituted by `cmy0' on input line 1349.
Package xcolor Info: Model `hsb' substituted by `rgb' on input line 1353.
Package xcolor Info: Model `RGB' extended on input line 1365.
Package xcolor Info: Model `HTML' substituted by `rgb' on input line 1367.
Package xcolor Info: Model `Hsb' substituted by `hsb' on input line 1368.
Package xcolor Info: Model `tHsb' substituted by `hsb' on input line 1369.
Package xcolor Info: Model `HSB' substituted by `hsb' on input line 1370.
Package xcolor Info: Model `Gray' substituted by `gray' on input line 1371.
Package xcolor Info: Model `wave' substituted by `hsb' on input line 1372.
) (/Users/deborahapthorp/Library/TinyTeX/texmf-dist/tex/latex/amsmath/amsmath.sty
Package: amsmath 2025/07/09 v2.17z AMS math features
\@mathmargin=\skip66
For additional information on amsmath, use the `?' option.
(/Users/deborahapthorp/Library/TinyTeX/texmf-dist/tex/latex/amsmath/amstext.sty
Package: amstext 2024/11/17 v2.01 AMS text
(/Users/deborahapthorp/Library/TinyTeX/texmf-dist/tex/latex/amsmath/amsgen.sty
File: amsgen.sty 1999/11/30 v2.0 generic functions
\@emptytoks=\toks18
\ex@=\dimen150
)) (/Users/deborahapthorp/Library/TinyTeX/texmf-dist/tex/latex/amsmath/amsbsy.sty
Package: amsbsy 1999/11/29 v1.2d Bold Symbols
\pmbraise@=\dimen151
) (/Users/deborahapthorp/Library/TinyTeX/texmf-dist/tex/latex/amsmath/amsopn.sty
Package: amsopn 2022/04/08 v2.04 operator names
)
\inf@bad=\count284
LaTeX Info: Redefining \frac on input line 235.
\uproot@=\count285
\leftroot@=\count286
LaTeX Info: Redefining \overline on input line 398.
LaTeX Info: Redefining \colon on input line 409.
\classnum@=\count287
\DOTSCASE@=\count288
LaTeX Info: Redefining \ldots on input line 495.
LaTeX Info: Redefining \dots on input line 498.
LaTeX Info: Redefining \cdots on input line 619.
\Mathstrutbox@=\box55
\strutbox@=\box56
LaTeX Info: Redefining \big on input line 721.
LaTeX Info: Redefining \Big on input line 722.
LaTeX Info: Redefining \bigg on input line 723.
LaTeX Info: Redefining \Bigg on input line 724.
\big@size=\dimen152
LaTeX Font Info:    Redeclaring font encoding OML on input line 742.
LaTeX Font Info:    Redeclaring font encoding OMS on input line 743.
\macc@depth=\count289
LaTeX Info: Redefining \bmod on input line 904.
LaTeX Info: Redefining \pmod on input line 909.
LaTeX Info: Redefining \smash on input line 939.
LaTeX Info: Redefining \relbar on input line 969.
LaTeX Info: Redefining \Relbar on input line 970.
\c@MaxMatrixCols=\count290
\dotsspace@=\muskip17
\c@parentequation=\count291
\dspbrk@lvl=\count292
\tag@help=\toks19
\row@=\count293
\column@=\count294
\maxfields@=\count295
\andhelp@=\toks20
\eqnshift@=\dimen153
\alignsep@=\dimen154
\tagshift@=\dimen155
\tagwidth@=\dimen156
\totwidth@=\dimen157
\lineht@=\dimen158
\@envbody=\toks21
\multlinegap=\skip67
\multlinetaggap=\skip68
\mathdisplay@stack=\toks22
LaTeX Info: Redefining \[ on input line 2950.
LaTeX Info: Redefining \] on input line 2951.
) (/Users/deborahapthorp/Library/TinyTeX/texmf-dist/tex/latex/amsfonts/amssymb.sty
Package: amssymb 2013/01/14 v3.01 AMS font symbols
(/Users/deborahapthorp/Library/TinyTeX/texmf-dist/tex/latex/amsfonts/amsfonts.sty
Package: amsfonts 2013/01/14 v3.01 Basic AMSFonts support
\symAMSa=\mathgroup4
\symAMSb=\mathgroup5
LaTeX Font Info:    Redeclaring math symbol \hbar on input line 98.
LaTeX Font Info:    Overwriting math alphabet `\mathfrak' in version `bold'
(Font)                  U/euf/m/n --> U/euf/b/n on input line 106.
)) (/Users/deborahapthorp/Library/TinyTeX/texmf-dist/tex/generic/iftex/iftex.sty
Package: iftex 2024/12/12 v1.0g TeX engine tests
) (/Users/deborahapthorp/Library/TinyTeX/texmf-dist/tex/latex/unicode-math/unicode-math.sty (/Users/deborahapthorp/Library/TinyTeX/texmf-dist/tex/latex/l3kernel/expl3.sty
Package: expl3 2026-04-28 L3 programming layer (loader) 
(/Users/deborahapthorp/Library/TinyTeX/texmf-dist/tex/latex/l3backend/l3backend-luatex.def
File: l3backend-luatex.def 2026-02-18 L3 backend support: PDF output (LuaTeX)
\l__color_backend_stack_int=\count296
Inserting `l3color' in `luaotfload.parse_color'.))
Package: unicode-math 2023/08/13 v0.8r Unicode maths in XeLaTeX and LuaLaTeX
(/Users/deborahapthorp/Library/TinyTeX/texmf-dist/tex/latex/unicode-math/unicode-math-luatex.sty
Package: unicode-math-luatex 2023/08/13 v0.8r Unicode maths in XeLaTeX and LuaLaTeX
(/Users/deborahapthorp/Library/TinyTeX/texmf-dist/tex/latex/l3packages/xparse/xparse.sty
Package: xparse 2025-10-09 L3 Experimental document command parser
) (/Users/deborahapthorp/Library/TinyTeX/texmf-dist/tex/latex/l3packages/l3keys2e/l3keys2e.sty
Package: l3keys2e 2025-10-09 LaTeX2e option processing using LaTeX3 keys
) (/Users/deborahapthorp/Library/TinyTeX/texmf-dist/tex/latex/fontspec/fontspec.sty
Package: fontspec 2025/09/29 v2.9g Font selection for XeLaTeX and LuaLaTeX
Lua module: fontspec 2025/09/29 v2.9g Font selection for XeLaTeX and LuaLaTeX (/Users/deborahapthorp/Library/TinyTeX/texmf-dist/tex/latex/fontspec/fontspec-luatex.sty
Package: fontspec-luatex 2025/09/29 v2.9g Font selection for XeLaTeX and LuaLaTeX
\l__fontspec_script_int=\count297
\l__fontspec_language_int=\count298
\l__fontspec_strnum_int=\count299
\l__fontspec_tmp_int=\count300
\l__fontspec_tmpa_int=\count301
\l__fontspec_tmpb_int=\count302
\l__fontspec_tmpc_int=\count303
\l__fontspec_em_int=\count304
\l__fontspec_emdef_int=\count305
\l__fontspec_strong_int=\count306
\l__fontspec_strongdef_int=\count307
\l__fontspec_tmpa_dim=\dimen159
\l__fontspec_tmpb_dim=\dimen160
\l__fontspec_tmpc_dim=\dimen161
(/Users/deborahapthorp/Library/TinyTeX/texmf-dist/tex/latex/base/fontenc.sty
Package: fontenc 2025/07/18 v2.1d Standard LaTeX package
) (/Users/deborahapthorp/Library/TinyTeX/texmf-dist/tex/latex/fontspec/fontspec.cfg))) (/Users/deborahapthorp/Library/TinyTeX/texmf-dist/tex/latex/base/fix-cm.sty
Package: fix-cm 2020/11/24 v1.1t fixes to LaTeX
(/Users/deborahapthorp/Library/TinyTeX/texmf-dist/tex/latex/base/ts1enc.def
File: ts1enc.def 2001/06/05 v3.0e (jk/car/fm) Standard LaTeX file
LaTeX Font Info:    Redeclaring font encoding TS1 on input line 47.
LaTeX Encoding Info:    Redeclaring text command \capitalcedilla (encoding TS1) on input line 49.
LaTeX Encoding Info:    Redeclaring text command \capitalogonek (encoding TS1) on input line 52.
LaTeX Encoding Info:    Redeclaring text command \capitalgrave (encoding TS1) on input line 55.
LaTeX Encoding Info:    Redeclaring text command \capitalacute (encoding TS1) on input line 56.
LaTeX Encoding Info:    Redeclaring text command \capitalcircumflex (encoding TS1) on input line 57.
LaTeX Encoding Info:    Redeclaring text command \capitaltilde (encoding TS1) on input line 58.
LaTeX Encoding Info:    Redeclaring text command \capitaldieresis (encoding TS1) on input line 59.
LaTeX Encoding Info:    Redeclaring text command \capitalhungarumlaut (encoding TS1) on input line 60.
LaTeX Encoding Info:    Redeclaring text command \capitalring (encoding TS1) on input line 61.
LaTeX Encoding Info:    Redeclaring text command \capitalcaron (encoding TS1) on input line 62.
LaTeX Encoding Info:    Redeclaring text command \capitalbreve (encoding TS1) on input line 63.
LaTeX Encoding Info:    Redeclaring text command \capitalmacron (encoding TS1) on input line 64.
LaTeX Encoding Info:    Redeclaring text command \capitaldotaccent (encoding TS1) on input line 65.
LaTeX Encoding Info:    Redeclaring text command \t (encoding TS1) on input line 66.
LaTeX Encoding Info:    Redeclaring text command \capitaltie (encoding TS1) on input line 67.
LaTeX Encoding Info:    Redeclaring text command \newtie (encoding TS1) on input line 68.
LaTeX Encoding Info:    Redeclaring text command \capitalnewtie (encoding TS1) on input line 69.
LaTeX Encoding Info:    Redeclaring text symbol \textcapitalcompwordmark (encoding TS1) on input line 70.
LaTeX Encoding Info:    Redeclaring text symbol \textascendercompwordmark (encoding TS1) on input line 71.
LaTeX Encoding Info:    Redeclaring text symbol \textquotestraightbase (encoding TS1) on input line 72.
LaTeX Encoding Info:    Redeclaring text symbol \textquotestraightdblbase (encoding TS1) on input line 73.
LaTeX Encoding Info:    Redeclaring text symbol \texttwelveudash (encoding TS1) on input line 74.
LaTeX Encoding Info:    Redeclaring text symbol \textthreequartersemdash (encoding TS1) on input line 75.
LaTeX Encoding Info:    Redeclaring text symbol \textleftarrow (encoding TS1) on input line 76.
LaTeX Encoding Info:    Redeclaring text symbol \textrightarrow (encoding TS1) on input line 77.
LaTeX Encoding Info:    Redeclaring text symbol \textblank (encoding TS1) on input line 78.
LaTeX Encoding Info:    Redeclaring text symbol \textdollar (encoding TS1) on input line 79.
LaTeX Encoding Info:    Redeclaring text symbol \textquotesingle (encoding TS1) on input line 80.
LaTeX Encoding Info:    Redeclaring text command \textasteriskcentered (encoding TS1) on input line 81.
LaTeX Encoding Info:    Redeclaring text symbol \textdblhyphen (encoding TS1) on input line 92.
LaTeX Encoding Info:    Redeclaring text symbol \textfractionsolidus (encoding TS1) on input line 93.
LaTeX Encoding Info:    Redeclaring text symbol \textzerooldstyle (encoding TS1) on input line 94.
LaTeX Encoding Info:    Redeclaring text symbol \textoneoldstyle (encoding TS1) on input line 95.
LaTeX Encoding Info:    Redeclaring text symbol \texttwooldstyle (encoding TS1) on input line 96.
LaTeX Encoding Info:    Redeclaring text symbol \textthreeoldstyle (encoding TS1) on input line 97.
LaTeX Encoding Info:    Redeclaring text symbol \textfouroldstyle (encoding TS1) on input line 98.
LaTeX Encoding Info:    Redeclaring text symbol \textfiveoldstyle (encoding TS1) on input line 99.
LaTeX Encoding Info:    Redeclaring text symbol \textsixoldstyle (encoding TS1) on input line 100.
LaTeX Encoding Info:    Redeclaring text symbol \textsevenoldstyle (encoding TS1) on input line 101.
LaTeX Encoding Info:    Redeclaring text symbol \texteightoldstyle (encoding TS1) on input line 102.
LaTeX Encoding Info:    Redeclaring text symbol \textnineoldstyle (encoding TS1) on input line 103.
LaTeX Encoding Info:    Redeclaring text symbol \textlangle (encoding TS1) on input line 104.
LaTeX Encoding Info:    Redeclaring text symbol \textminus (encoding TS1) on input line 105.
LaTeX Encoding Info:    Redeclaring text symbol \textrangle (encoding TS1) on input line 106.
LaTeX Encoding Info:    Redeclaring text symbol \textmho (encoding TS1) on input line 107.
LaTeX Encoding Info:    Redeclaring text symbol \textbigcircle (encoding TS1) on input line 108.
LaTeX Encoding Info:    Redeclaring text command \textcircled (encoding TS1) on input line 109.
LaTeX Encoding Info:    Redeclaring text symbol \textohm (encoding TS1) on input line 115.
LaTeX Encoding Info:    Redeclaring text symbol \textlbrackdbl (encoding TS1) on input line 116.
LaTeX Encoding Info:    Redeclaring text symbol \textrbrackdbl (encoding TS1) on input line 117.
LaTeX Encoding Info:    Redeclaring text symbol \textuparrow (encoding TS1) on input line 118.
LaTeX Encoding Info:    Redeclaring text symbol \textdownarrow (encoding TS1) on input line 119.
LaTeX Encoding Info:    Redeclaring text symbol \textasciigrave (encoding TS1) on input line 120.
LaTeX Encoding Info:    Redeclaring text symbol \textborn (encoding TS1) on input line 121.
LaTeX Encoding Info:    Redeclaring text symbol \textdivorced (encoding TS1) on input line 122.
LaTeX Encoding Info:    Redeclaring text symbol \textdied (encoding TS1) on input line 123.
LaTeX Encoding Info:    Redeclaring text symbol \textleaf (encoding TS1) on input line 124.
LaTeX Encoding Info:    Redeclaring text symbol \textmarried (encoding TS1) on input line 125.
LaTeX Encoding Info:    Redeclaring text symbol \textmusicalnote (encoding TS1) on input line 126.
LaTeX Encoding Info:    Redeclaring text symbol \texttildelow (encoding TS1) on input line 127.
LaTeX Encoding Info:    Redeclaring text symbol \textdblhyphenchar (encoding TS1) on input line 128.
LaTeX Encoding Info:    Redeclaring text symbol \textasciibreve (encoding TS1) on input line 129.
LaTeX Encoding Info:    Redeclaring text symbol \textasciicaron (encoding TS1) on input line 130.
LaTeX Encoding Info:    Redeclaring text symbol \textacutedbl (encoding TS1) on input line 131.
LaTeX Encoding Info:    Redeclaring text symbol \textgravedbl (encoding TS1) on input line 132.
LaTeX Encoding Info:    Redeclaring text symbol \textdagger (encoding TS1) on input line 133.
LaTeX Encoding Info:    Redeclaring text symbol \textdaggerdbl (encoding TS1) on input line 134.
LaTeX Encoding Info:    Redeclaring text symbol \textbardbl (encoding TS1) on input line 135.
LaTeX Encoding Info:    Redeclaring text symbol \textperthousand (encoding TS1) on input line 136.
LaTeX Encoding Info:    Redeclaring text symbol \textbullet (encoding TS1) on input line 137.
LaTeX Encoding Info:    Redeclaring text symbol \textcelsius (encoding TS1) on input line 138.
LaTeX Encoding Info:    Redeclaring text symbol \textdollaroldstyle (encoding TS1) on input line 139.
LaTeX Encoding Info:    Redeclaring text symbol \textcentoldstyle (encoding TS1) on input line 140.
LaTeX Encoding Info:    Redeclaring text symbol \textflorin (encoding TS1) on input line 141.
LaTeX Encoding Info:    Redeclaring text symbol \textcolonmonetary (encoding TS1) on input line 142.
LaTeX Encoding Info:    Redeclaring text symbol \textwon (encoding TS1) on input line 143.
LaTeX Encoding Info:    Redeclaring text symbol \textnaira (encoding TS1) on input line 144.
LaTeX Encoding Info:    Redeclaring text symbol \textguarani (encoding TS1) on input line 145.
LaTeX Encoding Info:    Redeclaring text symbol \textpeso (encoding TS1) on input line 146.
LaTeX Encoding Info:    Redeclaring text symbol \textlira (encoding TS1) on input line 147.
LaTeX Encoding Info:    Redeclaring text symbol \textrecipe (encoding TS1) on input line 148.
LaTeX Encoding Info:    Redeclaring text symbol \textinterrobang (encoding TS1) on input line 149.
LaTeX Encoding Info:    Redeclaring text symbol \textinterrobangdown (encoding TS1) on input line 150.
LaTeX Encoding Info:    Redeclaring text symbol \textdong (encoding TS1) on input line 151.
LaTeX Encoding Info:    Redeclaring text symbol \texttrademark (encoding TS1) on input line 152.
LaTeX Encoding Info:    Redeclaring text symbol \textpertenthousand (encoding TS1) on input line 153.
LaTeX Encoding Info:    Redeclaring text symbol \textpilcrow (encoding TS1) on input line 154.
LaTeX Encoding Info:    Redeclaring text symbol \textbaht (encoding TS1) on input line 155.
LaTeX Encoding Info:    Redeclaring text symbol \textnumero (encoding TS1) on input line 156.
LaTeX Encoding Info:    Redeclaring text symbol \textdiscount (encoding TS1) on input line 157.
LaTeX Encoding Info:    Redeclaring text symbol \textestimated (encoding TS1) on input line 158.
LaTeX Encoding Info:    Redeclaring text symbol \textopenbullet (encoding TS1) on input line 159.
LaTeX Encoding Info:    Redeclaring text symbol \textservicemark (encoding TS1) on input line 160.
LaTeX Encoding Info:    Redeclaring text symbol \textlquill (encoding TS1) on input line 161.
LaTeX Encoding Info:    Redeclaring text symbol \textrquill (encoding TS1) on input line 162.
LaTeX Encoding Info:    Redeclaring text symbol \textcent (encoding TS1) on input line 163.
LaTeX Encoding Info:    Redeclaring text symbol \textsterling (encoding TS1) on input line 164.
LaTeX Encoding Info:    Redeclaring text symbol \textcurrency (encoding TS1) on input line 165.
LaTeX Encoding Info:    Redeclaring text symbol \textyen (encoding TS1) on input line 166.
LaTeX Encoding Info:    Redeclaring text symbol \textbrokenbar (encoding TS1) on input line 167.
LaTeX Encoding Info:    Redeclaring text symbol \textsection (encoding TS1) on input line 168.
LaTeX Encoding Info:    Redeclaring text symbol \textasciidieresis (encoding TS1) on input line 169.
LaTeX Encoding Info:    Redeclaring text symbol \textcopyright (encoding TS1) on input line 170.
LaTeX Encoding Info:    Redeclaring text symbol \textordfeminine (encoding TS1) on input line 171.
LaTeX Encoding Info:    Redeclaring text symbol \textcopyleft (encoding TS1) on input line 172.
LaTeX Encoding Info:    Redeclaring text symbol \textlnot (encoding TS1) on input line 173.
LaTeX Encoding Info:    Redeclaring text symbol \textcircledP (encoding TS1) on input line 174.
LaTeX Encoding Info:    Redeclaring text symbol \textregistered (encoding TS1) on input line 175.
LaTeX Encoding Info:    Redeclaring text symbol \textasciimacron (encoding TS1) on input line 176.
LaTeX Encoding Info:    Redeclaring text symbol \textdegree (encoding TS1) on input line 177.
LaTeX Encoding Info:    Redeclaring text symbol \textpm (encoding TS1) on input line 178.
LaTeX Encoding Info:    Redeclaring text symbol \texttwosuperior (encoding TS1) on input line 179.
LaTeX Encoding Info:    Redeclaring text symbol \textthreesuperior (encoding TS1) on input line 180.
LaTeX Encoding Info:    Redeclaring text symbol \textasciiacute (encoding TS1) on input line 181.
LaTeX Encoding Info:    Redeclaring text symbol \textmu (encoding TS1) on input line 182.
LaTeX Encoding Info:    Redeclaring text symbol \textparagraph (encoding TS1) on input line 183.
LaTeX Encoding Info:    Redeclaring text symbol \textperiodcentered (encoding TS1) on input line 184.
LaTeX Encoding Info:    Redeclaring text symbol \textreferencemark (encoding TS1) on input line 185.
LaTeX Encoding Info:    Redeclaring text symbol \textonesuperior (encoding TS1) on input line 186.
LaTeX Encoding Info:    Redeclaring text symbol \textordmasculine (encoding TS1) on input line 187.
LaTeX Encoding Info:    Redeclaring text symbol \textsurd (encoding TS1) on input line 188.
LaTeX Encoding Info:    Redeclaring text symbol \textonequarter (encoding TS1) on input line 189.
LaTeX Encoding Info:    Redeclaring text symbol \textonehalf (encoding TS1) on input line 190.
LaTeX Encoding Info:    Redeclaring text symbol \textthreequarters (encoding TS1) on input line 191.
LaTeX Encoding Info:    Redeclaring text symbol \texteuro (encoding TS1) on input line 192.
LaTeX Encoding Info:    Redeclaring text symbol \texttimes (encoding TS1) on input line 193.
LaTeX Encoding Info:    Redeclaring text symbol \textdiv (encoding TS1) on input line 194.
)) (/Users/deborahapthorp/Library/TinyTeX/texmf-dist/tex/lualatex/lualatex-math/lualatex-math.sty
Package: lualatex-math 2022/01/01 v1.12 Patches for mathematics typesetting with LuaLaTeX
(/Users/deborahapthorp/Library/TinyTeX/texmf-dist/tex/latex/etoolbox/etoolbox.sty
Package: etoolbox 2025/10/02 v2.5m e-TeX tools for LaTeX (JAW)
\etb@tempcnta=\count308
)
Lua module: lualatex-math 2013/08/03 v1.3 Patches for mathematics typesetting with LuaLaTeX)
\g__um_fam_int=\count309
\g__um_fonts_used_int=\count310
\l__um_primecount_int=\count311
\g__um_primekern_muskip=\muskip18
(/Users/deborahapthorp/Library/TinyTeX/texmf-dist/tex/latex/unicode-math/unicode-math-table.tex))) (/Users/deborahapthorp/Library/TinyTeX/texmf-dist/tex/latex/lm/lmodern.sty
Package: lmodern 2015/05/01 v1.6.1 Latin Modern Fonts
LaTeX Font Info:    Overwriting symbol font `operators' in version `normal'
(Font)                  OT1/cmr/m/n --> OT1/lmr/m/n on input line 22.
LaTeX Font Info:    Overwriting symbol font `letters' in version `normal'
(Font)                  OML/cmm/m/it --> OML/lmm/m/it on input line 23.
LaTeX Font Info:    Overwriting symbol font `symbols' in version `normal'
(Font)                  OMS/cmsy/m/n --> OMS/lmsy/m/n on input line 24.
LaTeX Font Info:    Overwriting symbol font `largesymbols' in version `normal'
(Font)                  OMX/cmex/m/n --> OMX/lmex/m/n on input line 25.
LaTeX Font Info:    Overwriting symbol font `operators' in version `bold'
(Font)                  OT1/cmr/bx/n --> OT1/lmr/bx/n on input line 26.
LaTeX Font Info:    Overwriting symbol font `letters' in version `bold'
(Font)                  OML/cmm/b/it --> OML/lmm/b/it on input line 27.
LaTeX Font Info:    Overwriting symbol font `symbols' in version `bold'
(Font)                  OMS/cmsy/b/n --> OMS/lmsy/b/n on input line 28.
LaTeX Font Info:    Overwriting symbol font `largesymbols' in version `bold'
(Font)                  OMX/cmex/m/n --> OMX/lmex/m/n on input line 29.
LaTeX Font Info:    Overwriting math alphabet `\mathbf' in version `normal'
(Font)                  OT1/cmr/bx/n --> OT1/lmr/bx/n on input line 31.
LaTeX Font Info:    Overwriting math alphabet `\mathsf' in version `normal'
(Font)                  OT1/cmss/m/n --> OT1/lmss/m/n on input line 32.
LaTeX Font Info:    Overwriting math alphabet `\mathit' in version `normal'
(Font)                  OT1/cmr/m/it --> OT1/lmr/m/it on input line 33.
LaTeX Font Info:    Overwriting math alphabet `\mathtt' in version `normal'
(Font)                  OT1/cmtt/m/n --> OT1/lmtt/m/n on input line 34.
LaTeX Font Info:    Overwriting math alphabet `\mathbf' in version `bold'
(Font)                  OT1/cmr/bx/n --> OT1/lmr/bx/n on input line 35.
LaTeX Font Info:    Overwriting math alphabet `\mathsf' in version `bold'
(Font)                  OT1/cmss/bx/n --> OT1/lmss/bx/n on input line 36.
LaTeX Font Info:    Overwriting math alphabet `\mathit' in version `bold'
(Font)                  OT1/cmr/bx/it --> OT1/lmr/bx/it on input line 37.
LaTeX Font Info:    Overwriting math alphabet `\mathtt' in version `bold'
(Font)                  OT1/cmtt/m/n --> OT1/lmtt/m/n on input line 38.
) (/Users/deborahapthorp/Library/TinyTeX/texmf-dist/tex/latex/upquote/upquote.sty
Package: upquote 2012/04/19 v1.3 upright-quote and grave-accent glyphs in verbatim
(/Users/deborahapthorp/Library/TinyTeX/texmf-dist/tex/latex/base/textcomp.sty
Package: textcomp 2024/04/24 v2.1b Standard LaTeX package
)) (/Users/deborahapthorp/Library/TinyTeX/texmf-dist/tex/latex/microtype/microtype.sty
Package: microtype 2026/03/01 v3.2d Micro-typographical refinements (RS)
\MT@toks=\toks23
\MT@tempbox=\box57
\MT@count=\count312
LaTeX Info: Redefining \noprotrusionifhmode on input line 1084.
LaTeX Info: Redefining \leftprotrusion on input line 1085.
\MT@prot@toks=\toks24
LaTeX Info: Redefining \rightprotrusion on input line 1104.
LaTeX Info: Redefining \textls on input line 1449.
\MT@outer@kern=\dimen162
LaTeX Info: Redefining \microtypecontext on input line 2053.
LaTeX Info: Redefining \textmicrotypecontext on input line 2070.
\MT@listname@count=\count313
(/Users/deborahapthorp/Library/TinyTeX/texmf-dist/tex/latex/microtype/microtype-luatex.def
File: microtype-luatex.def 2026/03/01 v3.2d Definitions specific to luatex (RS)
Lua module: microtype 2026/03/01 v3.2d microtype module.
Module microtype Info: overwriting function `keepligature' on input line 63
LaTeX Info: Redefining \lsstyle on input line 779.
LaTeX Info: Redefining \lslig on input line 779.
\MT@outer@space=\skip69
)
Package microtype Info: Loading configuration file microtype.cfg.
(/Users/deborahapthorp/Library/TinyTeX/texmf-dist/tex/latex/microtype/microtype.cfg
File: microtype.cfg 2026/03/01 v3.2d microtype main configuration file (RS)
)
LaTeX Info: Redefining \microtypesetup on input line 3065.
) (/Users/deborahapthorp/Library/TinyTeX/texmf-dist/tex/latex/tools/longtable.sty
Package: longtable 2025-10-13 v4.24 Multi-page Table package (DPC)
\LTleft=\skip70
\LTright=\skip71
\LTpre=\skip72
\LTpost=\skip73
\LTchunksize=\count314
\LTcapwidth=\dimen163
\LT@head=\box58
\LT@firsthead=\box59
\LT@foot=\box60
\LT@lastfoot=\box61
\LT@gbox=\box62
\LT@cols=\count315
\LT@rows=\count316
\c@LT@tables=\count317
\c@LT@chunks=\count318
\LT@p@ftn=\toks25
)
Class scrbook Info: longtable captions redefined on input line 68.
(/Users/deborahapthorp/Library/TinyTeX/texmf-dist/tex/latex/booktabs/booktabs.sty
Package: booktabs 2020/01/12 v1.61803398 Publication quality tables
\heavyrulewidth=\dimen164
\lightrulewidth=\dimen165
\cmidrulewidth=\dimen166
\belowrulesep=\dimen167
\belowbottomsep=\dimen168
\aboverulesep=\dimen169
\abovetopsep=\dimen170
\cmidrulesep=\dimen171
\cmidrulekern=\dimen172
\defaultaddspace=\dimen173
\@cmidla=\count319
\@cmidlb=\count320
\@aboverulesep=\dimen174
\@belowrulesep=\dimen175
\@thisruleclass=\count321
\@lastruleclass=\count322
\@thisrulewidth=\dimen176
) (/Users/deborahapthorp/Library/TinyTeX/texmf-dist/tex/latex/tools/array.sty
Package: array 2025/09/25 v2.6n Tabular extension package (FMi)
\col@sep=\dimen177
\ar@mcellbox=\box63
\extrarowheight=\dimen178
\NC@list=\toks26
\extratabsurround=\skip74
\backup@length=\skip75
\ar@cellbox=\box64
) (/Users/deborahapthorp/Library/TinyTeX/texmf-dist/tex/latex/tools/calc.sty
Package: calc 2025/03/01 v4.3b Infix arithmetic (KKT,FJ)
\calc@Acount=\count323
\calc@Bcount=\count324
\calc@Adimen=\dimen179
\calc@Bdimen=\dimen180
\calc@Askip=\skip76
\calc@Bskip=\skip77
LaTeX Info: Redefining \setlength on input line 86.
LaTeX Info: Redefining \addtolength on input line 87.
\calc@Ccount=\count325
\calc@Cskip=\skip78
) (/Users/deborahapthorp/Library/TinyTeX/texmf-dist/tex/latex/mdwtools/footnote.sty
Package: footnote 1997/01/28 1.13 Save footnotes around boxes
\fn@notes=\box65
\fn@width=\dimen181
) (/Users/deborahapthorp/Library/TinyTeX/texmf-dist/tex/latex/graphics/graphicx.sty
Package: graphicx 2024/12/31 v1.2e Enhanced LaTeX Graphics (DPC,SPQR)
(/Users/deborahapthorp/Library/TinyTeX/texmf-dist/tex/latex/graphics/graphics.sty
Package: graphics 2024/08/06 v1.4g Standard LaTeX Graphics (DPC,SPQR)
(/Users/deborahapthorp/Library/TinyTeX/texmf-dist/tex/latex/graphics/trig.sty
Package: trig 2023/12/02 v1.11 sin cos tan (DPC)
) (/Users/deborahapthorp/Library/TinyTeX/texmf-dist/tex/latex/graphics-cfg/graphics.cfg
File: graphics.cfg 2016/06/04 v1.11 sample graphics configuration
)
Package graphics Info: Driver file: luatex.def on input line 106.
)
\Gin@req@height=\dimen182
\Gin@req@width=\dimen183
)
\pandoc@box=\box66
(/Users/deborahapthorp/Library/TinyTeX/texmf-dist/tex/latex/bookmark/bookmark.sty
Package: bookmark 2023-12-10 v1.31 PDF bookmarks (HO)
(/Users/deborahapthorp/Library/TinyTeX/texmf-dist/tex/latex/hyperref/hyperref.sty
Package: hyperref 2026-04-24 v7.01q Hypertext links for LaTeX
(/Users/deborahapthorp/Library/TinyTeX/texmf-dist/tex/latex/kvsetkeys/kvsetkeys.sty
Package: kvsetkeys 2022-10-05 v1.19 Key value parser (HO)
) (/Users/deborahapthorp/Library/TinyTeX/texmf-dist/tex/generic/kvdefinekeys/kvdefinekeys.sty
Package: kvdefinekeys 2019-12-19 v1.6 Define keys (HO)
) (/Users/deborahapthorp/Library/TinyTeX/texmf-dist/tex/generic/pdfescape/pdfescape.sty
Package: pdfescape 2019/12/09 v1.15 Implements pdfTeX's escape features (HO)
(/Users/deborahapthorp/Library/TinyTeX/texmf-dist/tex/generic/ltxcmds/ltxcmds.sty
Package: ltxcmds 2023-12-04 v1.26 LaTeX kernel commands for general use (HO)
) (/Users/deborahapthorp/Library/TinyTeX/texmf-dist/tex/generic/pdftexcmds/pdftexcmds.sty
Package: pdftexcmds 2020-06-27 v0.33 Utility functions of pdfTeX for LuaTeX (HO)
(/Users/deborahapthorp/Library/TinyTeX/texmf-dist/tex/generic/infwarerr/infwarerr.sty
Package: infwarerr 2019/12/03 v1.5 Providing info/warning/error messages (HO)
)
Package pdftexcmds Info: \pdf@primitive is available.
Package pdftexcmds Info: \pdf@ifprimitive is available.
Package pdftexcmds Info: \pdfdraftmode found.
\pdftexcmds@toks=\toks27
)) (/Users/deborahapthorp/Library/TinyTeX/texmf-dist/tex/latex/hycolor/hycolor.sty
Package: hycolor 2020-01-27 v1.10 Color options for hyperref/bookmark (HO)
) (/Users/deborahapthorp/Library/TinyTeX/texmf-dist/tex/latex/hyperref/nameref.sty
Package: nameref 2026-01-29 v2.58 Cross-referencing by name of section
(/Users/deborahapthorp/Library/TinyTeX/texmf-dist/tex/latex/refcount/refcount.sty
Package: refcount 2019/12/15 v3.6 Data extraction from label references (HO)
) (/Users/deborahapthorp/Library/TinyTeX/texmf-dist/tex/generic/gettitlestring/gettitlestring.sty
Package: gettitlestring 2019/12/15 v1.6 Cleanup title references (HO)
(/Users/deborahapthorp/Library/TinyTeX/texmf-dist/tex/latex/kvoptions/kvoptions.sty
Package: kvoptions 2022-06-15 v3.15 Key value format for package options (HO)
))
\c@section@level=\count326
) (/Users/deborahapthorp/Library/TinyTeX/texmf-dist/tex/generic/stringenc/stringenc.sty
Package: stringenc 2019/11/29 v1.12 Convert strings between diff. encodings (HO)
)
\@linkdim=\dimen184
\Hy@linkcounter=\count327
\Hy@pagecounter=\count328
(/Users/deborahapthorp/Library/TinyTeX/texmf-dist/tex/latex/hyperref/pd1enc.def
File: pd1enc.def 2026-04-24 v7.01q Hyperref: PDFDocEncoding definition (HO)
) (/Users/deborahapthorp/Library/TinyTeX/texmf-dist/tex/generic/intcalc/intcalc.sty
Package: intcalc 2019/12/15 v1.3 Expandable calculations with integers (HO)
)
\Hy@SavedSpaceFactor=\count329
(/Users/deborahapthorp/Library/TinyTeX/texmf-dist/tex/latex/hyperref/puenc.def
File: puenc.def 2026-04-24 v7.01q Hyperref: PDF Unicode definition (HO)
)
Package hyperref Info: Option `unicode' set `true' on input line 4070.
Package hyperref Info: Hyper figures OFF on input line 4199.
Package hyperref Info: Link nesting OFF on input line 4204.
Package hyperref Info: Hyper index ON on input line 4207.
Package hyperref Info: Plain pages OFF on input line 4214.
Package hyperref Info: Backreferencing OFF on input line 4219.
Package hyperref Info: Implicit mode ON; LaTeX internals redefined.
Package hyperref Info: Bookmarks ON on input line 4466.
\c@Hy@tempcnt=\count330
(/Users/deborahapthorp/Library/TinyTeX/texmf-dist/tex/latex/url/url.sty
\Urlmuskip=\muskip19
Package: url 2013/09/16  ver 3.4  Verb mode for urls, etc.
)
LaTeX Info: Redefining \url on input line 4805.
\XeTeXLinkMargin=\dimen185
(/Users/deborahapthorp/Library/TinyTeX/texmf-dist/tex/generic/bitset/bitset.sty
Package: bitset 2019/12/09 v1.3 Handle bit-vector datatype (HO)
(/Users/deborahapthorp/Library/TinyTeX/texmf-dist/tex/generic/bigintcalc/bigintcalc.sty
Package: bigintcalc 2019/12/15 v1.5 Expandable calculations on big integers (HO)
))
\Fld@menulength=\count331
\Field@Width=\dimen186
\Fld@charsize=\dimen187
Package hyperref Info: Hyper figures OFF on input line 6091.
Package hyperref Info: Link nesting OFF on input line 6096.
Package hyperref Info: Hyper index ON on input line 6099.
Package hyperref Info: backreferencing OFF on input line 6106.
Package hyperref Info: Link coloring OFF on input line 6111.
Package hyperref Info: Link coloring with OCG OFF on input line 6116.
Package hyperref Info: PDF/A mode OFF on input line 6121.
\Hy@abspage=\count332
\c@Item=\count333
\c@Hfootnote=\count334
)
Package hyperref Info: Driver (autodetected): hluatex.
(/Users/deborahapthorp/Library/TinyTeX/texmf-dist/tex/latex/hyperref/hluatex.def
File: hluatex.def 2026-04-24 v7.01q Hyperref driver for luaTeX
\Fld@listcount=\count335
\c@bookmark@seq@number=\count336
(/Users/deborahapthorp/Library/TinyTeX/texmf-dist/tex/latex/rerunfilecheck/rerunfilecheck.sty
Package: rerunfilecheck 2025-06-21 v1.11 Rerun checks for auxiliary files (HO)
(/Users/deborahapthorp/Library/TinyTeX/texmf-dist/tex/generic/uniquecounter/uniquecounter.sty
Package: uniquecounter 2019/12/15 v1.4 Provide unlimited unique counter (HO)
)
Package uniquecounter Info: New unique counter `rerunfilecheck' on input line 284.
)
\Hy@SectionHShift=\skip79
) (/Users/deborahapthorp/Library/TinyTeX/texmf-dist/tex/latex/bookmark/bkm-pdftex.def
File: bkm-pdftex.def 2023-12-10 v1.31 bookmark driver for pdfTeX and luaTeX (HO)
\BKM@id=\count337
)) (/Users/deborahapthorp/Library/TinyTeX/texmf-dist/tex/latex/caption/caption.sty
Package: caption 2023/08/05 v3.6o Customizing captions (AR)

Package tocbasic Info: Loading of class-dependent code for package caption3
(tocbasic)             prevented on line 50.

(/Users/deborahapthorp/Library/TinyTeX/texmf-dist/tex/latex/caption/caption3.sty
Package: caption3 2023/07/31 v2.4d caption3 kernel (AR)
\caption@tempdima=\dimen188
\captionmargin=\dimen189
\caption@leftmargin=\dimen190
\caption@rightmargin=\dimen191
\caption@width=\dimen192
\caption@indent=\dimen193
\caption@parindent=\dimen194
\caption@hangindent=\dimen195
)
\c@caption@flags=\count338
\c@continuedfloat=\count339
Package caption Info: hyperref package is loaded.
Package caption Info: longtable package is loaded.
(/Users/deborahapthorp/Library/TinyTeX/texmf-dist/tex/latex/caption/ltcaption.sty
Package: ltcaption 2021/01/08 v1.4c longtable captions (AR)
)) (/Users/deborahapthorp/Library/TinyTeX/texmf-dist/tex/latex/float/float.sty
Package: float 2001/11/08 v1.3d Float enhancements (AL)
\c@float@type=\count340
\float@exts=\toks28
\float@box=\box67
\@float@everytoks=\toks29
\@floatcapt=\box68
)
\@float@every@codelisting=\toks30
\c@codelisting=\count341
(/Users/deborahapthorp/Library/TinyTeX/texmf-dist/tex/latex/caption/subcaption.sty
Package: subcaption 2023/07/28 v1.6b Sub-captions (AR)
Package caption Info: New subtype `subfigure' on input line 238.
\c@subfigure=\count342
Package caption Info: New subtype `subtable' on input line 238.
\c@subtable=\count343
)
No file index.aux.

\openout1 = index.aux
LaTeX Font Info:    Checking defaults for OML/cmm/m/it on input line 171.
LaTeX Font Info:    ... okay on input line 171.
LaTeX Font Info:    Checking defaults for OMS/cmsy/m/n on input line 171.
LaTeX Font Info:    ... okay on input line 171.
LaTeX Font Info:    Checking defaults for OT1/cmr/m/n on input line 171.
LaTeX Font Info:    ... okay on input line 171.
LaTeX Font Info:    Checking defaults for T1/cmr/m/n on input line 171.
LaTeX Font Info:    ... okay on input line 171.
LaTeX Font Info:    Checking defaults for TS1/cmr/m/n on input line 171.
LaTeX Font Info:    ... okay on input line 171.
LaTeX Font Info:    Checking defaults for TU/lmr/m/n on input line 171.
LaTeX Font Info:    ... okay on input line 171.
LaTeX Font Info:    Checking defaults for OMX/cmex/m/n on input line 171.
LaTeX Font Info:    ... okay on input line 171.
LaTeX Font Info:    Checking defaults for U/cmr/m/n on input line 171.
LaTeX Font Info:    ... okay on input line 171.
LaTeX Font Info:    Checking defaults for PD1/pdf/m/n on input line 171.
LaTeX Font Info:    ... okay on input line 171.
LaTeX Font Info:    Checking defaults for PU/pdf/m/n on input line 171.
LaTeX Font Info:    ... okay on input line 171.
Package scrbase Info: activating english \partname on input line 171.
Package scrbase Info: activating english \chaptername on input line 171.
Package scrbase Info: activating english \appendixname on input line 171.
Package scrbase Info: activating english \figurename on input line 171.
Package scrbase Info: activating english \tablename on input line 171.
Package scrbase Info: activating english \contentsname on input line 171.
Package scrbase Info: activating english \listfigurename on input line 171.
Package scrbase Info: activating english \listtablename on input line 171.
Package scrbase Info: activating english \bibname on input line 171.
Package scrbase Info: activating english \indexname on input line 171.
(/Users/deborahapthorp/Library/TinyTeX/texmf-dist/tex/latex/epstopdf-pkg/epstopdf-base.sty
Package: epstopdf-base 2020-01-24 v2.11 Base part for package epstopdf
Package epstopdf-base Info: Redefining graphics rule for `.eps' on input line 485.
(/Users/deborahapthorp/Library/TinyTeX/texmf-dist/tex/latex/latexconfig/epstopdf-sys.cfg
File: epstopdf-sys.cfg 2010/07/13 v1.3 Configuration of (r)epstopdf for TeX Live
))
LaTeX Font Info:    Overwriting math alphabet `\mathrm' in version `normal'
(Font)                  OT1/lmr/m/n --> TU/lmr/m/n on input line 171.
LaTeX Font Info:    Overwriting math alphabet `\mathit' in version `normal'
(Font)                  OT1/lmr/m/it --> TU/lmr/m/it on input line 171.
LaTeX Font Info:    Overwriting math alphabet `\mathbf' in version `normal'
(Font)                  OT1/lmr/bx/n --> TU/lmr/bx/n on input line 171.
LaTeX Font Info:    Overwriting math alphabet `\mathsf' in version `normal'
(Font)                  OT1/lmss/m/n --> TU/lmss/m/n on input line 171.
LaTeX Font Info:    Overwriting math alphabet `\mathsf' in version `bold'
(Font)                  OT1/lmss/bx/n --> TU/lmss/bx/n on input line 171.
LaTeX Font Info:    Overwriting math alphabet `\mathtt' in version `normal'
(Font)                  OT1/lmtt/m/n --> TU/lmtt/m/n on input line 171.
LaTeX Font Info:    Overwriting math alphabet `\mathtt' in version `bold'
(Font)                  OT1/lmtt/m/n --> TU/lmtt/bx/n on input line 171.

Package fontspec Info: 
(fontspec)             latinmodern-math scale = 0.9999967668407183.


Package fontspec Info: 
(fontspec)             latinmodern-math scale = 0.9999967668407183.


Package fontspec Info: 
(fontspec)             latinmodern-math scale = 0.9999967668407183.


Package fontspec Info: 
(fontspec)             Font family 'latinmodern-math.otf(0)' created for font
(fontspec)             'latinmodern-math.otf' with options
(fontspec)             [Scale=MatchLowercase,Renderer=Basic,BoldItalicFont={},ItalicFont={},SmallCapsFont={},Script=Math,RawFeature={mathfontdimen=xetex},BoldFont={latinmodern-math.otf}].
(fontspec)              
(fontspec)              This font family consists of the following NFSS
(fontspec)             series/shapes:
(fontspec)              
(fontspec)             - 'normal' (m/n) with NFSS spec.:
(fontspec)             <->s*[0.9999967668407183]"[latinmodern-math.otf]:mode=base;script=math;language=dflt;mathfontdimen=xetex;"
(fontspec)             - 'bold' (b/n) with NFSS spec.:
(fontspec)             <->s*[0.9999967668407183]"[latinmodern-math.otf]:mode=base;script=math;language=dflt;mathfontdimen=xetex;"

LaTeX Font Info:    Font shape `TU/latinmodern-math.otf(0)/m/n' will be
(Font)              scaled to size 10.95pt on input line 171.

Package fontspec Info: 
(fontspec)             latinmodern-math scale = 0.9999967668407183.


Package fontspec Info: 
(fontspec)             latinmodern-math scale = 0.9999967668407183.


Package fontspec Info: 
(fontspec)             latinmodern-math scale = 0.9999967668407183.


Package fontspec Info: 
(fontspec)             latinmodern-math scale = 0.9999967668407183.


Package fontspec Info: 
(fontspec)             latinmodern-math scale = 0.9999967668407183.


Package fontspec Info: 
(fontspec)             Font family 'latinmodern-math.otf(1)' created for font
(fontspec)             'latinmodern-math.otf' with options
(fontspec)             [Scale=MatchLowercase,Renderer=Basic,BoldItalicFont={},ItalicFont={},SmallCapsFont={},Script=Math,SizeFeatures={{Size=9.3075-},{Size=6.57-9.3075,Font=latinmodern-math.otf,Style=MathScript},{Size=-6.57,Font=latinmodern-math.otf,Style=MathScriptScript}},RawFeature={mathfontdimen=xetex},BoldFont={latinmodern-math.otf}].
(fontspec)              
(fontspec)              This font family consists of the following NFSS
(fontspec)             series/shapes:
(fontspec)              
(fontspec)             - 'normal' (m/n) with NFSS spec.:
(fontspec)             <9.3075->s*[0.9999967668407183]"[latinmodern-math.otf]:mode=base;script=math;language=dflt;mathfontdimen=xetex;"<6.57-9.3075>s*[0.9999967668407183]"[latinmodern-math.otf]:mode=base;script=math;language=dflt;mathfontdimen=xetex;+ssty=0;"<-6.57>s*[0.9999967668407183]"[latinmodern-math.otf]:mode=base;script=math;language=dflt;mathfontdimen=xetex;+ssty=1;"
(fontspec)             - 'bold' (b/n) with NFSS spec.:
(fontspec)             <->s*[0.9999967668407183]"[latinmodern-math.otf]:mode=base;script=math;language=dflt;mathfontdimen=xetex;"

LaTeX Font Info:    Font shape `TU/latinmodern-math.otf(1)/m/n' will be
(Font)              scaled to size 10.95pt on input line 171.
LaTeX Font Info:    Encoding `OT1' has changed to `TU' for symbol font
(Font)              `operators' in the math version `normal' on input line 171.
LaTeX Font Info:    Overwriting symbol font `operators' in version `normal'
(Font)                  OT1/lmr/m/n --> TU/latinmodern-math.otf(1)/m/n on input line 171.
LaTeX Font Info:    Encoding `OT1' has changed to `TU' for symbol font
(Font)              `operators' in the math version `bold' on input line 171.
LaTeX Font Info:    Overwriting symbol font `operators' in version `bold'
(Font)                  OT1/lmr/bx/n --> TU/latinmodern-math.otf(1)/b/n on input line 171.

Package fontspec Info: 
(fontspec)             latinmodern-math scale = 0.9999967668407183.


Package fontspec Info: 
(fontspec)             latinmodern-math scale = 0.9999967668407183.


Package fontspec Info: 
(fontspec)             latinmodern-math scale = 0.9999967668407183.


Package fontspec Info: 
(fontspec)             latinmodern-math scale = 0.9999967668407183.


Package fontspec Info: 
(fontspec)             latinmodern-math scale = 0.9999967668407183.


Package fontspec Info: 
(fontspec)             Font family 'latinmodern-math.otf(2)' created for font
(fontspec)             'latinmodern-math.otf' with options
(fontspec)             [Scale=MatchLowercase,Renderer=Basic,BoldItalicFont={},ItalicFont={},SmallCapsFont={},Script=Math,SizeFeatures={{Size=9.3075-},{Size=6.57-9.3075,Font=latinmodern-math.otf,Style=MathScript},{Size=-6.57,Font=latinmodern-math.otf,Style=MathScriptScript}},RawFeature={mathfontdimen=xetex},BoldFont={latinmodern-math.otf},RawFeature={mathfontdimen=tex2}].
(fontspec)              
(fontspec)              This font family consists of the following NFSS
(fontspec)             series/shapes:
(fontspec)              
(fontspec)             - 'normal' (m/n) with NFSS spec.:
(fontspec)             <9.3075->s*[0.9999967668407183]"[latinmodern-math.otf]:mode=base;script=math;language=dflt;mathfontdimen=xetex;mathfontdimen=tex2;"<6.57-9.3075>s*[0.9999967668407183]"[latinmodern-math.otf]:mode=base;script=math;language=dflt;mathfontdimen=xetex;mathfontdimen=tex2;+ssty=0;"<-6.57>s*[0.9999967668407183]"[latinmodern-math.otf]:mode=base;script=math;language=dflt;mathfontdimen=xetex;mathfontdimen=tex2;+ssty=1;"
(fontspec)             - 'bold' (b/n) with NFSS spec.:
(fontspec)             <->s*[0.9999967668407183]"[latinmodern-math.otf]:mode=base;script=math;language=dflt;mathfontdimen=xetex;mathfontdimen=tex2;"

LaTeX Font Info:    Encoding `OMS' has changed to `TU' for symbol font
(Font)              `symbols' in the math version `normal' on input line 171.
LaTeX Font Info:    Overwriting symbol font `symbols' in version `normal'
(Font)                  OMS/lmsy/m/n --> TU/latinmodern-math.otf(2)/m/n on input line 171.
LaTeX Font Info:    Encoding `OMS' has changed to `TU' for symbol font
(Font)              `symbols' in the math version `bold' on input line 171.
LaTeX Font Info:    Overwriting symbol font `symbols' in version `bold'
(Font)                  OMS/lmsy/b/n --> TU/latinmodern-math.otf(2)/b/n on input line 171.

Package fontspec Info: 
(fontspec)             latinmodern-math scale = 0.9999967668407183.


Package fontspec Info: 
(fontspec)             latinmodern-math scale = 0.9999967668407183.


Package fontspec Info: 
(fontspec)             latinmodern-math scale = 0.9999967668407183.


Package fontspec Info: 
(fontspec)             latinmodern-math scale = 0.9999967668407183.


Package fontspec Info: 
(fontspec)             latinmodern-math scale = 0.9999967668407183.


Package fontspec Info: 
(fontspec)             Font family 'latinmodern-math.otf(3)' created for font
(fontspec)             'latinmodern-math.otf' with options
(fontspec)             [Scale=MatchLowercase,Renderer=Basic,BoldItalicFont={},ItalicFont={},SmallCapsFont={},Script=Math,SizeFeatures={{Size=9.3075-},{Size=6.57-9.3075,Font=latinmodern-math.otf,Style=MathScript},{Size=-6.57,Font=latinmodern-math.otf,Style=MathScriptScript}},RawFeature={mathfontdimen=xetex},BoldFont={latinmodern-math.otf},RawFeature={mathfontdimen=tex3}].
(fontspec)              
(fontspec)              This font family consists of the following NFSS
(fontspec)             series/shapes:
(fontspec)              
(fontspec)             - 'normal' (m/n) with NFSS spec.:
(fontspec)             <9.3075->s*[0.9999967668407183]"[latinmodern-math.otf]:mode=base;script=math;language=dflt;mathfontdimen=xetex;mathfontdimen=tex3;"<6.57-9.3075>s*[0.9999967668407183]"[latinmodern-math.otf]:mode=base;script=math;language=dflt;mathfontdimen=xetex;mathfontdimen=tex3;+ssty=0;"<-6.57>s*[0.9999967668407183]"[latinmodern-math.otf]:mode=base;script=math;language=dflt;mathfontdimen=xetex;mathfontdimen=tex3;+ssty=1;"
(fontspec)             - 'bold' (b/n) with NFSS spec.:
(fontspec)             <->s*[0.9999967668407183]"[latinmodern-math.otf]:mode=base;script=math;language=dflt;mathfontdimen=xetex;mathfontdimen=tex3;"

LaTeX Font Info:    Encoding `OMX' has changed to `TU' for symbol font
(Font)              `largesymbols' in the math version `normal' on input line 171.
LaTeX Font Info:    Overwriting symbol font `largesymbols' in version `normal'
(Font)                  OMX/lmex/m/n --> TU/latinmodern-math.otf(3)/m/n on input line 171.
LaTeX Font Info:    Encoding `OMX' has changed to `TU' for symbol font
(Font)              `largesymbols' in the math version `bold' on input line 171.
LaTeX Font Info:    Overwriting symbol font `largesymbols' in version `bold'
(Font)                  OMX/lmex/m/n --> TU/latinmodern-math.otf(3)/b/n on input line 171.
LaTeX Font Info:    Font shape `TU/latinmodern-math.otf(1)/m/n' will be
(Font)              scaled to size 7.665pt on input line 171.
LaTeX Font Info:    Font shape `TU/latinmodern-math.otf(1)/m/n' will be
(Font)              scaled to size 5.475pt on input line 171.
LaTeX Font Info:    Trying to load font information for OML+lmm on input line 171.
(/Users/deborahapthorp/Library/TinyTeX/texmf-dist/tex/latex/lm/omllmm.fd
File: omllmm.fd 2015/05/01 v1.6.1 Font defs for Latin Modern
)
LaTeX Font Info:    Font shape `TU/latinmodern-math.otf(2)/m/n' will be
(Font)              scaled to size 10.95pt on input line 171.
LaTeX Font Info:    Font shape `TU/latinmodern-math.otf(2)/m/n' will be
(Font)              scaled to size 7.665pt on input line 171.
LaTeX Font Info:    Font shape `TU/latinmodern-math.otf(2)/m/n' will be
(Font)              scaled to size 5.475pt on input line 171.
LaTeX Font Info:    Font shape `TU/latinmodern-math.otf(3)/m/n' will be
(Font)              scaled to size 10.95pt on input line 171.
LaTeX Font Info:    Font shape `TU/latinmodern-math.otf(3)/m/n' will be
(Font)              scaled to size 7.665pt on input line 171.
LaTeX Font Info:    Font shape `TU/latinmodern-math.otf(3)/m/n' will be
(Font)              scaled to size 5.475pt on input line 171.
LaTeX Font Info:    Trying to load font information for U+msa on input line 171.
(/Users/deborahapthorp/Library/TinyTeX/texmf-dist/tex/latex/amsfonts/umsa.fd
File: umsa.fd 2013/01/14 v3.01 AMS symbols A
)
LaTeX Font Info:    Trying to load font information for U+msb on input line 171.
(/Users/deborahapthorp/Library/TinyTeX/texmf-dist/tex/latex/amsfonts/umsb.fd
File: umsb.fd 2013/01/14 v3.01 AMS symbols B
)
LaTeX Info: Redefining \microtypecontext on input line 171.
Package microtype Info: Applying patch `item' on input line 171.
Package microtype Info: Applying patch `toc' on input line 171.
Package microtype Info: Applying patch `eqnum' on input line 171.
Package microtype Info: Applying patch `footnote' on input line 171.
Package microtype Info: Applying patch `verbatim' on input line 171.
LaTeX Info: Redefining \microtypesetup on input line 171.
Package microtype Info: Generating PDF output.
Package microtype Info: Character protrusion enabled (level 2).
Package microtype Info: Using protrusion set `basicmath'.
Package microtype Info: Automatic font expansion enabled (level 2),
(microtype)             stretch: 20, shrink: 20, step: 1, non-selected.
Package microtype Info: Using default expansion set `alltext-nott'.
Package microtype Info: Patching command `\showhyphens'.
Package microtype Info: No adjustment of tracking.
Package microtype Info: No adjustment of spacing.
Package microtype Info: No adjustment of kerning.
(/Users/deborahapthorp/Library/TinyTeX/texmf-dist/tex/latex/microtype/mt-LatinModernRoman.cfg
File: mt-LatinModernRoman.cfg 2026/02/26 v1.2 microtype config. file: Latin Modern Roman (RS)
)
Package hyperref Info: Link coloring OFF on input line 171.
Package caption Info: Begin \AtBeginDocument code.
Package caption Info: float package is loaded.
Package caption Info: End \AtBeginDocument code.
\g__cctab_next_cctab=\catcodetable15
Package microtype Info: Loading generic protrusion settings for font family
(microtype)             `lmss' (encoding: TU).
(microtype)             For optimal results, create family-specific settings.
(microtype)             See the microtype manual for details.
LaTeX Font Info:    Font shape `TU/latinmodern-math.otf(1)/m/n' will be
(Font)              scaled to size 14.4pt on input line 174.
LaTeX Font Info:    Font shape `TU/latinmodern-math.otf(1)/m/n' will be
(Font)              scaled to size 10.0pt on input line 174.
LaTeX Font Info:    Font shape `TU/latinmodern-math.otf(1)/m/n' will be
(Font)              scaled to size 7.0pt on input line 174.
LaTeX Font Info:    Font shape `TU/latinmodern-math.otf(2)/m/n' will be
(Font)              scaled to size 14.4pt on input line 174.
LaTeX Font Info:    Font shape `TU/latinmodern-math.otf(2)/m/n' will be
(Font)              scaled to size 10.0pt on input line 174.
LaTeX Font Info:    Font shape `TU/latinmodern-math.otf(2)/m/n' will be
(Font)              scaled to size 7.0pt on input line 174.
LaTeX Font Info:    Font shape `TU/latinmodern-math.otf(3)/m/n' will be
(Font)              scaled to size 14.4pt on input line 174.
LaTeX Font Info:    Font shape `TU/latinmodern-math.otf(3)/m/n' will be
(Font)              scaled to size 10.0pt on input line 174.
LaTeX Font Info:    Font shape `TU/latinmodern-math.otf(3)/m/n' will be
(Font)              scaled to size 7.0pt on input line 174.
(/Users/deborahapthorp/Library/TinyTeX/texmf-dist/tex/latex/microtype/mt-msa.cfg
File: mt-msa.cfg 2006/02/04 v1.1 microtype config. file: AMS symbols (a) (RS)
) (/Users/deborahapthorp/Library/TinyTeX/texmf-dist/tex/latex/microtype/mt-msb.cfg
File: mt-msb.cfg 2005/06/01 v1.0 microtype config. file: AMS symbols (b) (RS)
) [1





{/Users/deborahapthorp/Library/TinyTeX/texmf-var/fonts/map/pdftex/updmap/pdftex.map}] [2


]
Package tocbasic Info: character protrusion at toc deactivated on input line 178.
No file index.toc.
\tf@toc=\write3

\openout3 = index.toc
[3] [4


] [1


] [2


]
LaTeX Font Info:    Font shape `TU/latinmodern-math.otf(1)/m/n' will be
(Font)              scaled to size 9.0pt on input line 214.
LaTeX Font Info:    Font shape `TU/latinmodern-math.otf(1)/m/n' will be
(Font)              scaled to size 6.0pt on input line 214.
LaTeX Font Info:    Font shape `TU/latinmodern-math.otf(1)/m/n' will be
(Font)              scaled to size 5.0pt on input line 214.
LaTeX Font Info:    Font shape `TU/latinmodern-math.otf(2)/m/n' will be
(Font)              scaled to size 9.0pt on input line 214.
LaTeX Font Info:    Font shape `TU/latinmodern-math.otf(2)/m/n' will be
(Font)              scaled to size 6.0pt on input line 214.
LaTeX Font Info:    Font shape `TU/latinmodern-math.otf(2)/m/n' will be
(Font)              scaled to size 5.0pt on input line 214.
LaTeX Font Info:    Font shape `TU/latinmodern-math.otf(3)/m/n' will be
(Font)              scaled to size 9.0pt on input line 214.
LaTeX Font Info:    Font shape `TU/latinmodern-math.otf(3)/m/n' will be
(Font)              scaled to size 6.0pt on input line 214.
LaTeX Font Info:    Font shape `TU/latinmodern-math.otf(3)/m/n' will be
(Font)              scaled to size 5.0pt on input line 214.
<images/intro/dixon-kemp-sliding-seat1.png, id=37, 1040.88875pt x 919.435pt>
File: images/intro/dixon-kemp-sliding-seat1.png Graphic file (type png)
<use images/intro/dixon-kemp-sliding-seat1.png>
Package luatex.def Info: images/intro/dixon-kemp-sliding-seat1.png  used on input line 216.
(luatex.def)             Requested size: 1040.88622pt x 919.43275pt.

Overfull \hbox (10.947pt too wide) in paragraph at lines 216--217
[][] 
 []


Underfull \vbox (badness 10000) has occurred while \output is active []

[3]
<images/intro/int-14-back-cover.png, id=48, 1695.33376pt x 1924.18875pt>
File: images/intro/int-14-back-cover.png Graphic file (type png)
<use images/intro/int-14-back-cover.png>
Package luatex.def Info: images/intro/int-14-back-cover.png  used on input line 228.
(luatex.def)             Requested size: 1695.32964pt x 1924.18407pt.

Overfull \hbox (10.93634pt too wide) in paragraph at lines 228--229
[][] 
 []


Underfull \vbox (badness 10000) has occurred while \output is active []

[4<./images/intro/dixon-kemp-sliding-seat1.png>] [5<./images/intro/int-14-back-cover.png>]
<images/intro/yachting_queensland_1940s.png, id=58, 1003.75pt x 774.895pt>
File: images/intro/yachting_queensland_1940s.png Graphic file (type png)
<use images/intro/yachting_queensland_1940s.png>
Package luatex.def Info: images/intro/yachting_queensland_1940s.png  used on input line 247.
(luatex.def)             Requested size: 1003.74756pt x 774.89311pt.

Overfull \hbox (10.95103pt too wide) in paragraph at lines 247--248
[][] 
 []

[6<./images/intro/yachting_queensland_1940s.png>] [7] [8


]
chapter 1.
<images/chapter1/peggymodel.jpg, id=72, 501.875pt x 296.10625pt>
File: images/chapter1/peggymodel.jpg Graphic file (type jpg)
<use images/chapter1/peggymodel.jpg>
Package luatex.def Info: images/chapter1/peggymodel.jpg  used on input line 265.
(luatex.def)             Requested size: 501.87376pt x 296.10551pt.
[9<./images/chapter1/peggymodel.jpg>]
Missing character: There is no ″ (U+2033) in font [lmroman10-regular]:+tlig;!
Missing character: There is no ″ (U+2033) in font [lmroman10-regular]:+tlig;!
Missing character: There is no ″ (U+2033) in font [lmroman10-regular]:+tlig;!
<images/chapter1/georgequayle.png, id=80, 245.91875pt x 298.11375pt>
File: images/chapter1/georgequayle.png Graphic file (type png)
<use images/chapter1/georgequayle.png>
Package luatex.def Info: images/chapter1/georgequayle.png  used on input line 315.
(luatex.def)             Requested size: 245.91814pt x 298.11302pt.
<images/chapter1/jcurwen2.png, id=81, 225.84375pt x 298.11375pt>
File: images/chapter1/jcurwen2.png Graphic file (type png)
<use images/chapter1/jcurwen2.png>
Package luatex.def Info: images/chapter1/jcurwen2.png  used on input line 327.
(luatex.def)             Requested size: 225.84319pt x 298.11302pt.
Missing character: There is no ″ (U+2033) in font [lmroman10-regular]:+tlig;!
Missing character: There is no ″ (U+2033) in font [lmroman10-regular]:+tlig;!
Missing character: There is no ″ (U+2033) in font [lmroman10-regular]:+tlig;!

Overfull \hbox (24.55923pt too wide) has occurred while \output is active
[]|\TU/lmr/m/sl/10.95 1 ``The slid-ing keels that took ad-van-tage'' - the dawn of the rac-ing cen-tre-boarder []
 []

[10
Missing character: There is no ″ (U+2033) in font [lmroman10-regular]:+tlig;!
] [11<./images/chapter1/georgequayle.png><./images/chapter1/jcurwen2.png>]
<images/chapter1/red-sails.png, id=93, 703.62875pt x 501.875pt>
File: images/chapter1/red-sails.png Graphic file (type png)
<use images/chapter1/red-sails.png>
Package luatex.def Info: images/chapter1/red-sails.png  used on input line 354.
(luatex.def)             Requested size: 703.62703pt x 501.87376pt.

Overfull \hbox (24.55923pt too wide) has occurred while \output is active
[]|\TU/lmr/m/sl/10.95 1 ``The slid-ing keels that took ad-van-tage'' - the dawn of the rac-ing cen-tre-boarder []
 []

[12
Missing character: There is no ″ (U+2033) in font [lmroman10-regular]:+tlig;!
<./images/chapter1/red-sails.png>] [13]
<images/chapter1/one-centreboard-schank-boat.png, id=108, 307.90031pt x 89.58469pt>
File: images/chapter1/one-centreboard-schank-boat.png Graphic file (type png)
<use images/chapter1/one-centreboard-schank-boat.png>
Package luatex.def Info: images/chapter1/one-centreboard-schank-boat.png  used on input line 421.
(luatex.def)             Requested size: 307.89955pt x 89.58446pt.
<images/chapter1/three-centreboard-schank-boat-cropped.png, id=109, 364.36125pt x 120.45pt>
File: images/chapter1/three-centreboard-schank-boat-cropped.png Graphic file (type png)
<use images/chapter1/three-centreboard-schank-boat-cropped.png>
Package luatex.def Info: images/chapter1/three-centreboard-schank-boat-cropped.png  used on input line 433.
(luatex.def)             Requested size: 364.36035pt x 120.44969pt.
<images/chapter1/peggy08.jpg, id=110, 526.96875pt x 392.46625pt>
File: images/chapter1/peggy08.jpg Graphic file (type jpg)
<use images/chapter1/peggy08.jpg>
Package luatex.def Info: images/chapter1/peggy08.jpg  used on input line 464.
(luatex.def)             Requested size: 526.96745pt x 392.46527pt.

Underfull \vbox (badness 10000) has occurred while \output is active []


Overfull \hbox (24.55923pt too wide) has occurred while \output is active
[]|\TU/lmr/m/sl/10.95 1 ``The slid-ing keels that took ad-van-tage'' - the dawn of the rac-ing cen-tre-boarder []
 []

[14] [15<./images/chapter1/one-centreboard-schank-boat.png><./images/chapter1/three-centreboard-schank-boat-cropped.png>]
Overfull \vbox (29.24178pt too high) has occurred while \output is active []


Overfull \hbox (24.55923pt too wide) has occurred while \output is active
[]|\TU/lmr/m/sl/10.95 1 ``The slid-ing keels that took ad-van-tage'' - the dawn of the rac-ing cen-tre-boarder []
 []

[16<./images/chapter1/peggy08.jpg>]
<images/chapter1/belle.png, id=127, 702.625pt x 453.695pt>
File: images/chapter1/belle.png Graphic file (type png)
<use images/chapter1/belle.png>
Package luatex.def Info: images/chapter1/belle.png  used on input line 519.
(luatex.def)             Requested size: 702.62328pt x 453.6939pt.

Underfull \vbox (badness 10000) has occurred while \output is active []

[17]
Overfull \hbox (24.55923pt too wide) has occurred while \output is active
[]|\TU/lmr/m/sl/10.95 1 ``The slid-ing keels that took ad-van-tage'' - the dawn of the rac-ing cen-tre-boarder []
 []

[18<./images/chapter1/belle.png>] [19]
<images/chapter1/nautical-museum.png, id=153, 552.0625pt x 367.3725pt>
File: images/chapter1/nautical-museum.png Graphic file (type png)
<use images/chapter1/nautical-museum.png>
Package luatex.def Info: images/chapter1/nautical-museum.png  used on input line 593.
(luatex.def)             Requested size: 552.06114pt x 367.37158pt.

Overfull \hbox (24.55923pt too wide) has occurred while \output is active
[]|\TU/lmr/m/sl/10.95 1 ``The slid-ing keels that took ad-van-tage'' - the dawn of the rac-ing cen-tre-boarder []
 []

[20<./images/chapter1/nautical-museum.png>]
<images/chapter1/wsm-margaret-header.jpg, id=159, 730.73pt x 374.39874pt>
File: images/chapter1/wsm-margaret-header.jpg Graphic file (type jpg)
<use images/chapter1/wsm-margaret-header.jpg>
Package luatex.def Info: images/chapter1/wsm-margaret-header.jpg  used on input line 610.
(luatex.def)             Requested size: 730.72821pt x 374.39783pt.
<images/chapter1/peggy2.png, id=162, 674.52pt x 449.68pt>
File: images/chapter1/peggy2.png Graphic file (type png)
<use images/chapter1/peggy2.png>
Package luatex.def Info: images/chapter1/peggy2.png  used on input line 622.
(luatex.def)             Requested size: 674.51836pt x 449.6789pt.

Underfull \vbox (badness 10000) has occurred while \output is active []

[21<./images/chapter1/wsm-margaret-header.jpg>]
<images/chapter1/peggy2removal.png, id=171, 707.64375pt x 940.51375pt>
File: images/chapter1/peggy2removal.png Graphic file (type png)
<use images/chapter1/peggy2removal.png>
Package luatex.def Info: images/chapter1/peggy2removal.png  used on input line 647.
(luatex.def)             Requested size: 707.64203pt x 940.51146pt.

Overfull \hbox (24.55923pt too wide) has occurred while \output is active
[]|\TU/lmr/m/sl/10.95 1 ``The slid-ing keels that took ad-van-tage'' - the dawn of the rac-ing cen-tre-boarder []
 []

[22<./images/chapter1/peggy2.png>]
Overfull \vbox (37.19359pt too high) has occurred while \output is active []

[23<./images/chapter1/peggy2removal.png>]

LaTeX Warning: Reference `sec-chapter2' on page 24 undefined on input line 674.


Overfull \hbox (24.55923pt too wide) has occurred while \output is active
[]|\TU/lmr/m/sl/10.95 1 ``The slid-ing keels that took ad-van-tage'' - the dawn of the rac-ing cen-tre-boarder []
 []

[24]
chapter 2.
[25


]
<images/chapter2/point-boat-2.jpg, id=203, 693.59125pt x 1026.83624pt>
File: images/chapter2/point-boat-2.jpg Graphic file (type jpg)
<use images/chapter2/point-boat-2.jpg>
Package luatex.def Info: images/chapter2/point-boat-2.jpg  used on input line 716.
(luatex.def)             Requested size: 693.58955pt x 1026.83374pt.
Missing character: There is no ″ (U+2033) in font [lmroman10-regular]:+tlig;!
Missing character: There is no ″ (U+2033) in font [lmroman10-regular]:+tlig;!
Missing character: There is no ″ (U+2033) in font [lmroman10-regular]:+tlig;!
Missing character: There is no ″ (U+2033) in font [lmroman10-regular]:+tlig;!
Missing character: There is no ″ (U+2033) in font [lmroman10-regular]:+tlig;!
Missing character: There is no ″ (U+2033) in font [lmroman10-regular]:+tlig;!
Missing character: There is no ″ (U+2033) in font [lmroman10-regular]:+tlig;!
Missing character: There is no ″ (U+2033) in font [lmroman10-regular]:+tlig;!
Missing character: There is no ″ (U+2033) in font [lmroman10-regular]:+tlig;!
Missing character: There is no ″ (U+2033) in font [lmroman10-regular]:+tlig;!
Missing character: There is no ″ (U+2033) in font [lmroman10-regular]:+tlig;!
Missing character: There is no ″ (U+2033) in font [lmroman10-regular]:+tlig;!

Underfull \vbox (badness 10000) has occurred while \output is active []

[26]
Overfull \vbox (77.99995pt too high) has occurred while \output is active []

[27
Missing character: There is no ″ (U+2033) in font [lmroman10-regular]:+tlig;!
Missing character: There is no ″ (U+2033) in font [lmroman10-regular]:+tlig;!
Missing character: There is no ″ (U+2033) in font [lmroman10-regular]:+tlig;!
<./images/chapter2/point-boat-2.jpg>]
<images/chapter2/catboatvariations.jpg, id=219, 72.7518pt x 96.36pt>
File: images/chapter2/catboatvariations.jpg Graphic file (type jpg)
<use images/chapter2/catboatvariations.jpg>
Package luatex.def Info: images/chapter2/catboatvariations.jpg  used on input line 767.
(luatex.def)             Requested size: 72.7516pt x 96.35974pt.
[28]
<images/chapter2/gilbertsmith1.jpg, id=228, 513.92pt x 513.92pt>
File: images/chapter2/gilbertsmith1.jpg Graphic file (type jpg)
<use images/chapter2/gilbertsmith1.jpg>
Package luatex.def Info: images/chapter2/gilbertsmith1.jpg  used on input line 771.
(luatex.def)             Requested size: 513.91873pt x 513.91873pt.

Underfull \vbox (badness 10000) has occurred while \output is active []

[29<./images/chapter2/catboatvariations.jpg>]
<images/chapter2/teaserundersail.jpg, id=233, 642.4pt x 511.9125pt>
File: images/chapter2/teaserundersail.jpg Graphic file (type jpg)
<use images/chapter2/teaserundersail.jpg>
Package luatex.def Info: images/chapter2/teaserundersail.jpg  used on input line 781.
(luatex.def)             Requested size: 642.39844pt x 511.91125pt.

Overfull \hbox (10.96144pt too wide) in paragraph at lines 781--782
[][] 
 []


Underfull \vbox (badness 10000) has occurred while \output is active []

[30<./images/chapter2/gilbertsmith1.jpg>] [31<./images/chapter2/teaserundersail.jpg>] [32]
<images/chapter2/bob-fish.jpg, id=253, 511.9125pt x 696.6025pt>
File: images/chapter2/bob-fish.jpg Graphic file (type jpg)
<use images/chapter2/bob-fish.jpg>
Package luatex.def Info: images/chapter2/bob-fish.jpg  used on input line 848.
(luatex.def)             Requested size: 511.91125pt x 696.6008pt.

Underfull \vbox (badness 10000) has occurred while \output is active []

[33]
Overfull \vbox (37.20139pt too high) has occurred while \output is active []

[34<./images/chapter2/bob-fish.jpg>]
<images/chapter2/robert-m-grinnell1.jpg, id=265, 353.32pt x 397.485pt>
File: images/chapter2/robert-m-grinnell1.jpg Graphic file (type jpg)
<use images/chapter2/robert-m-grinnell1.jpg>
Package luatex.def Info: images/chapter2/robert-m-grinnell1.jpg  used on input line 877.
(luatex.def)             Requested size: 353.31914pt x 397.48402pt.

Underfull \vbox (badness 10000) has occurred while \output is active []

[35]
Underfull \vbox (badness 10000) has occurred while \output is active []

[36<./images/chapter2/robert-m-grinnell1.jpg>] [37] [38] [39]
<images/chapter2/birkenhead.jpg, id=314, 679.53876pt x 449.68pt>
File: images/chapter2/birkenhead.jpg Graphic file (type jpg)
<use images/chapter2/birkenhead.jpg>
Package luatex.def Info: images/chapter2/birkenhead.jpg  used on input line 1013.
(luatex.def)             Requested size: 679.53711pt x 449.6789pt.

Underfull \vbox (badness 10000) has occurred while \output is active []

[40]
Underfull \vbox (badness 1540) has occurred while \output is active []

[41<./images/chapter2/birkenhead.jpg>]
<images/chapter2/truant.jpg, id=329, 856.19875pt x 1027.84pt>
File: images/chapter2/truant.jpg Graphic file (type jpg)
<use images/chapter2/truant.jpg>
Package luatex.def Info: images/chapter2/truant.jpg  used on input line 1051.
(luatex.def)             Requested size: 856.19666pt x 1027.8375pt.

Underfull \vbox (badness 10000) has occurred while \output is active []

[42]
Overfull \vbox (25.98557pt too high) has occurred while \output is active []

[43<./images/chapter2/truant.jpg>]
<images/chapter2/liverpool-history-waterfront-1850.jpg, id=344, 421.575pt x 188.95593pt>
File: images/chapter2/liverpool-history-waterfront-1850.jpg Graphic file (type jpg)
<use images/chapter2/liverpool-history-waterfront-1850.jpg>
Package luatex.def Info: images/chapter2/liverpool-history-waterfront-1850.jpg  used on input line 1084.
(luatex.def)             Requested size: 421.57396pt x 188.95546pt.

Underfull \vbox (badness 10000) has occurred while \output is active []

[44<./images/chapter2/liverpool-history-waterfront-1850.jpg>] [45]
<images/chapter2/truant-model.jpg, id=373, 383.18156pt x 347.79938pt>
File: images/chapter2/truant-model.jpg Graphic file (type jpg)
<use images/chapter2/truant-model.jpg>
Package luatex.def Info: images/chapter2/truant-model.jpg  used on input line 1148.
(luatex.def)             Requested size: 383.18062pt x 347.79852pt.

Underfull \vbox (badness 10000) has occurred while \output is active []

[46] [47<./images/chapter2/truant-model.jpg>] [48] [49] [50] [51]
<images/chapter2/coralie.jpg, id=446, 429.10312pt x 197.98969pt>
File: images/chapter2/coralie.jpg Graphic file (type jpg)
<use images/chapter2/coralie.jpg>
Package luatex.def Info: images/chapter2/coralie.jpg  used on input line 1364.
(luatex.def)             Requested size: 429.10207pt x 197.9892pt.
[52] [53<./images/chapter2/coralie.jpg>] [54]

LaTeX Warning: Reference `sec-chapter3' on page 55 undefined on input line 1441.

[55] [56


]
chapter 3.
<images/chapter3/una-boat-from-dixon-kemp.png, id=487, 626.34pt x 624.3325pt>
File: images/chapter3/una-boat-from-dixon-kemp.png Graphic file (type png)
<use images/chapter3/una-boat-from-dixon-kemp.png>
Package luatex.def Info: images/chapter3/una-boat-from-dixon-kemp.png  used on input line 1466.
(luatex.def)             Requested size: 626.33846pt x 624.33098pt.

Underfull \vbox (badness 10000) has occurred while \output is active []

[57]
Overfull \vbox (90.50948pt too high) has occurred while \output is active []

[58<./images/chapter3/una-boat-from-dixon-kemp.png>]
Missing character: There is no ″ (U+2033) in font [lmroman10-regular]:+tlig;!
Missing character: There is no ″ (U+2033) in font [lmroman10-regular]:+tlig;!
Missing character: There is no ″ (U+2033) in font [lmroman10-regular]:+tlig;!
<images/chapter3/una-plans.jpg, id=502, 633.36626pt x 481.8pt>
File: images/chapter3/una-plans.jpg Graphic file (type jpg)
<use images/chapter3/una-plans.jpg>
Package luatex.def Info: images/chapter3/una-plans.jpg  used on input line 1504.
(luatex.def)             Requested size: 633.36472pt x 481.79881pt.

Underfull \vbox (badness 10000) has occurred while \output is active []

[59
Missing character: There is no ″ (U+2033) in font [lmroman10-regular]:+tlig;!
] [60<./images/chapter3/una-plans.jpg>] [61]
<images/chapter3/lord-beresford.png, id=529, 86.724pt x 59.2614pt>
File: images/chapter3/lord-beresford.png Graphic file (type png)
<use images/chapter3/lord-beresford.png>
Package luatex.def Info: images/chapter3/lord-beresford.png  used on input line 1592.
(luatex.def)             Requested size: 86.72377pt x 59.26123pt.

Underfull \vbox (badness 10000) has occurred while \output is active []

[62] [63<./images/chapter3/lord-beresford.png>]

LaTeX Warning: Reference `sec-chapter4' on page 64 undefined on input line 1655.

[64]
chapter 4.
<images/chapter4/buttersworth_sandbaggeryachtrace.jpg, id=559, 883.3pt x 749.80125pt>
File: images/chapter4/buttersworth_sandbaggeryachtrace.jpg Graphic file (type jpg)
<use images/chapter4/buttersworth_sandbaggeryachtrace.jpg>
Package luatex.def Info: images/chapter4/buttersworth_sandbaggeryachtrace.jpg  used on input line 1663.
(luatex.def)             Requested size: 883.29785pt x 749.79942pt.
[65


<./images/chapter4/buttersworth_sandbaggeryachtrace.jpg>] [66]
<images/chapter4/susie-s-cropped.png, id=583, 702.625pt x 920.43875pt>
File: images/chapter4/susie-s-cropped.png Graphic file (type png)
<use images/chapter4/susie-s-cropped.png>
Package luatex.def Info: images/chapter4/susie-s-cropped.png  used on input line 1715.
(luatex.def)             Requested size: 702.62328pt x 920.43651pt.

Underfull \vbox (badness 10000) has occurred while \output is active []

[67]
Overfull \vbox (173.2108pt too high) has occurred while \output is active []

[68<./images/chapter4/susie-s-cropped.png>]
<images/chapter4/communipaw.png, id=597, 770.88pt x 509.905pt>
File: images/chapter4/communipaw.png Graphic file (type png)
<use images/chapter4/communipaw.png>
Package luatex.def Info: images/chapter4/communipaw.png  used on input line 1757.
(luatex.def)             Requested size: 770.87813pt x 509.90375pt.

Underfull \vbox (badness 10000) has occurred while \output is active []

[69] [70<./images/chapter4/communipaw.png>]
<images/chapter4/annie-under-sail.png, id=618, 669.50125pt x 495.8525pt>
File: images/chapter4/annie-under-sail.png Graphic file (type png)
<use images/chapter4/annie-under-sail.png>
Package luatex.def Info: images/chapter4/annie-under-sail.png  used on input line 1800.
(luatex.def)             Requested size: 669.49962pt x 495.85129pt.

Underfull \vbox (badness 10000) has occurred while \output is active []

[71] [72<./images/chapter4/annie-under-sail.png>] [73]
<images/chapter4/cruiser.jpg, id=646, 168.63pt x 235.1184pt>
File: images/chapter4/cruiser.jpg Graphic file (type jpg)
<use images/chapter4/cruiser.jpg>
Package luatex.def Info: images/chapter4/cruiser.jpg  used on input line 1880.
(luatex.def)             Requested size: 168.62958pt x 235.1178pt.
Missing character: There is no ″ (U+2033) in font [lmroman10-regular]:+tlig;!
Missing character: There is no ′ (U+2032) in font [lmroman10-regular]:+tlig;!
Missing character: There is no ″ (U+2033) in font [lmroman10-regular]:+tlig;!
Missing character: There is no ′ (U+2032) in font [lmroman10-regular]:+tlig;!
Missing character: There is no ″ (U+2033) in font [lmroman10-regular]:+tlig;!
Missing character: There is no ′ (U+2032) in font [lmroman10-regular]:+tlig;!
Missing character: There is no ″ (U+2033) in font [lmroman10-regular]:+tlig;!
Missing character: There is no ″ (U+2033) in font [lmroman10-regular]:+tlig;!
Missing character: There is no ′ (U+2032) in font [lmroman10-regular]:+tlig;!
Missing character: There is no ′ (U+2032) in font [lmroman10-regular]:+tlig;!

Underfull \vbox (badness 10000) has occurred while \output is active []

[74]
Overfull \vbox (30.11769pt too high) has occurred while \output is active []

[75
Missing character: There is no ″ (U+2033) in font [lmroman10-regular]:+tlig;!
Missing character: There is no ′ (U+2032) in font [lmroman10-regular]:+tlig;!
<./images/chapter4/cruiser.jpg>]
<images/chapter4/la-parole.jpg, id=666, 168.63pt x 235.1184pt>
File: images/chapter4/la-parole.jpg Graphic file (type jpg)
<use images/chapter4/la-parole.jpg>
Package luatex.def Info: images/chapter4/la-parole.jpg  used on input line 1935.
(luatex.def)             Requested size: 168.62958pt x 235.1178pt.
Missing character: There is no ′ (U+2032) in font [lmroman10-regular]:+tlig;!
Missing character: There is no ′ (U+2032) in font [lmroman10-regular]:+tlig;!
Missing character: There is no ′ (U+2032) in font [lmroman10-regular]:+tlig;!
Missing character: There is no ′ (U+2032) in font [lmroman10-regular]:+tlig;!
Missing character: There is no ′ (U+2032) in font [lmroman10-regular]:+tlig;!
Missing character: There is no ′ (U+2032) in font [lmroman10-regular]:+tlig;!
Missing character: There is no ′ (U+2032) in font [lmroman10-regular]:+tlig;!
Missing character: There is no ′ (U+2032) in font [lmroman10-regular]:+tlig;!
Missing character: There is no ′ (U+2032) in font [lmroman10-regular]:+tlig;!
Missing character: There is no ′ (U+2032) in font [lmroman10-regular]:+tlig;!
Missing character: There is no ′ (U+2032) in font [lmroman10-regular]:+tlig;!
Missing character: There is no ′ (U+2032) in font [lmroman10-regular]:+tlig;!

Underfull \vbox (badness 10000) has occurred while \output is active []

[76]
Missing character: There is no ′ (U+2032) in font [lmroman10-regular]:+tlig;!
Missing character: There is no ″ (U+2033) in font [lmroman10-regular]:+tlig;!
Missing character: There is no ″ (U+2033) in font [lmroman10-regular]:+tlig;!
Missing character: There is no ′ (U+2032) in font [lmroman10-regular]:+tlig;!
Missing character: There is no ′ (U+2032) in font [lmroman10-regular]:+tlig;!
Missing character: There is no ″ (U+2033) in font [lmroman10-regular]:+tlig;!
Missing character: There is no ″ (U+2033) in font [lmroman10-regular]:+tlig;!
Missing character: There is no ″ (U+2033) in font [lmroman10-regular]:+tlig;!
Missing character: There is no ″ (U+2033) in font [lmroman10-regular]:+tlig;!
[77
Missing character: There is no ′ (U+2032) in font [lmroman10-regular]:+tlig;!
Missing character: There is no ′ (U+2032) in font [lmroman10-regular]:+tlig;!
Missing character: There is no ′ (U+2032) in font [lmroman10-regular]:+tlig;!
Missing character: There is no ′ (U+2032) in font [lmroman10-regular]:+tlig;!
Missing character: There is no ″ (U+2033) in font [lmroman10-regular]:+tlig;!
Missing character: There is no ″ (U+2033) in font [lmroman10-regular]:+tlig;!
<./images/chapter4/la-parole.jpg>]
<images/chapter4/mcgiehan-ad.png, id=687, 511.9125pt x 741.52031pt>
File: images/chapter4/mcgiehan-ad.png Graphic file (type png)
<use images/chapter4/mcgiehan-ad.png>
Package luatex.def Info: images/chapter4/mcgiehan-ad.png  used on input line 1983.
(luatex.def)             Requested size: 511.91125pt x 741.5185pt.

Underfull \vbox (badness 10000) has occurred while \output is active []

[78]
Overfull \vbox (78.00554pt too high) has occurred while \output is active []

[79<./images/chapter4/mcgiehan-ad.png>]
<images/chapter4/mcgiehan-3.jpg, id=701, 513.92pt x 456.70625pt>
File: images/chapter4/mcgiehan-3.jpg Graphic file (type jpg)
<use images/chapter4/mcgiehan-3.jpg>
Package luatex.def Info: images/chapter4/mcgiehan-3.jpg  used on input line 1994.
(luatex.def)             Requested size: 513.91873pt x 456.70512pt.

Overfull \hbox (10.9536pt too wide) in paragraph at lines 1994--1995
[][] 
 []

[80<./images/chapter4/mcgiehan-3.jpg>]
<images/chapter4/sandbaggers_556px.jpg, id=708, 558.085pt x 670.505pt>
File: images/chapter4/sandbaggers_556px.jpg Graphic file (type jpg)
<use images/chapter4/sandbaggers_556px.jpg>
Package luatex.def Info: images/chapter4/sandbaggers_556px.jpg  used on input line 2023.
(luatex.def)             Requested size: 558.08365pt x 670.50337pt.

Underfull \vbox (badness 10000) has occurred while \output is active []

[81]
Overfull \vbox (26.34496pt too high) has occurred while \output is active []

[82<./images/chapter4/sandbaggers_556px.jpg>] [83]
<images/chapter4/sandbagger-hurley.png, id=736, 706.64pt x 346.29375pt>
File: images/chapter4/sandbagger-hurley.png Graphic file (type png)
<use images/chapter4/sandbagger-hurley.png>
Package luatex.def Info: images/chapter4/sandbagger-hurley.png  used on input line 2089.
(luatex.def)             Requested size: 706.63828pt x 346.2929pt.

Underfull \vbox (badness 10000) has occurred while \output is active []

[84] [85<./images/chapter4/sandbagger-hurley.png>]
<images/chapter4/e-z-sloat.jpg, id=750, 401.5pt x 344.28625pt>
File: images/chapter4/e-z-sloat.jpg Graphic file (type jpg)
<use images/chapter4/e-z-sloat.jpg>
Package luatex.def Info: images/chapter4/e-z-sloat.jpg  used on input line 2137.
(luatex.def)             Requested size: 401.49901pt x 344.2854pt.

Underfull \vbox (badness 10000) has occurred while \output is active []

[86] [87<./images/chapter4/e-z-sloat.jpg>]
<images/chapter4/A-Houaris-Marseillais.jpg, id=768, 144.54pt x 118.2819pt>
File: images/chapter4/A-Houaris-Marseillais.jpg Graphic file (type jpg)
<use images/chapter4/A-Houaris-Marseillais.jpg>
Package luatex.def Info: images/chapter4/A-Houaris-Marseillais.jpg  used on input line 2189.
(luatex.def)             Requested size: 144.53963pt x 118.2816pt.

Underfull \vbox (badness 4913) has occurred while \output is active []

[88] [89<./images/chapter4/A-Houaris-Marseillais.jpg>] [90


]
chapter 5.
[91]
<images/chapter5/sailing-canoe-magic.png, id=795, 725.71124pt x 284.06125pt>
File: images/chapter5/sailing-canoe-magic.png Graphic file (type png)
<use images/chapter5/sailing-canoe-magic.png>
Package luatex.def Info: images/chapter5/sailing-canoe-magic.png  used on input line 2277.
(luatex.def)             Requested size: 725.70947pt x 284.06053pt.

Underfull \vbox (badness 2698) has occurred while \output is active []

[92]
<images/chapter5/sharpie-from-chapelle.jpg, id=800, 602.25pt x 289.08pt>
File: images/chapter5/sharpie-from-chapelle.jpg Graphic file (type jpg)
<use images/chapter5/sharpie-from-chapelle.jpg>
Package luatex.def Info: images/chapter5/sharpie-from-chapelle.jpg  used on input line 2305.
(luatex.def)             Requested size: 602.24852pt x 289.07928pt.

Underfull \vbox (badness 6380) has occurred while \output is active []

[93<./images/chapter5/sailing-canoe-magic.png>] [94<./images/chapter5/sharpie-from-chapelle.jpg>]
<images/chapter5/watchlogcanoeraces.png, id=811, 699.61375pt x 464.73625pt>
File: images/chapter5/watchlogcanoeraces.png Graphic file (type png)
<use images/chapter5/watchlogcanoeraces.png>
Package luatex.def Info: images/chapter5/watchlogcanoeraces.png  used on input line 2343.
(luatex.def)             Requested size: 699.61205pt x 464.7351pt.

Underfull \vbox (badness 10000) has occurred while \output is active []

[95<./images/chapter5/watchlogcanoeraces.png>] [96]
<images/chapter5/sharpieplan.jpg, id=826, 492.84125pt x 291.0875pt>
File: images/chapter5/sharpieplan.jpg Graphic file (type jpg)
<use images/chapter5/sharpieplan.jpg>
Package luatex.def Info: images/chapter5/sharpieplan.jpg  used on input line 2402.
(luatex.def)             Requested size: 492.84003pt x 291.08678pt.
[97<./images/chapter5/sharpieplan.jpg>] [98]
<images/chapter5/french-sharpie-sailplan.png, id=844, 520.94624pt x 586.19pt>
File: images/chapter5/french-sharpie-sailplan.png Graphic file (type png)
<use images/chapter5/french-sharpie-sailplan.png>
Package luatex.def Info: images/chapter5/french-sharpie-sailplan.png  used on input line 2467.
(luatex.def)             Requested size: 520.94498pt x 586.18857pt.

Underfull \vbox (badness 10000) has occurred while \output is active []

[99]
Overfull \vbox (26.79016pt too high) has occurred while \output is active []

[100<./images/chapter5/french-sharpie-sailplan.png>]
<images/chapter5/french-sharpie-hull.png, id=854, 1027.84pt x 564.1075pt>
File: images/chapter5/french-sharpie-hull.png Graphic file (type png)
<use images/chapter5/french-sharpie-hull.png>
Package luatex.def Info: images/chapter5/french-sharpie-hull.png  used on input line 2482.
(luatex.def)             Requested size: 1027.8375pt x 564.10611pt.
<images/chapter5/wassersport-on-sharpie-21.png, id=856, 504.88625pt x 696.6025pt>
File: images/chapter5/wassersport-on-sharpie-21.png Graphic file (type png)
<use images/chapter5/wassersport-on-sharpie-21.png>
Package luatex.def Info: images/chapter5/wassersport-on-sharpie-21.png  used on input line 2502.
(luatex.def)             Requested size: 504.885pt x 696.6008pt.

Underfull \vbox (badness 10000) has occurred while \output is active []

[101<./images/chapter5/french-sharpie-hull.png>]
Overfull \vbox (91.60141pt too high) has occurred while \output is active []

[102<./images/chapter5/wassersport-on-sharpie-21.png>]
<images/chapter5/sharpie-building.png, id=870, 420.06938pt x 219.82124pt>
File: images/chapter5/sharpie-building.png Graphic file (type png)
<use images/chapter5/sharpie-building.png>
Package luatex.def Info: images/chapter5/sharpie-building.png  used on input line 2527.
(luatex.def)             Requested size: 420.06836pt x 219.8207pt.
[103<./images/chapter5/sharpie-building.png>]
<images/chapter5/nell-in-sail-on-the-brisbane-river-19161.jpg, id=878, 501.875pt x 377.41pt>
File: images/chapter5/nell-in-sail-on-the-brisbane-river-19161.jpg Graphic file (type jpg)
<use images/chapter5/nell-in-sail-on-the-brisbane-river-19161.jpg>
Package luatex.def Info: images/chapter5/nell-in-sail-on-the-brisbane-river-19161.jpg  used on input line 2553.
(luatex.def)             Requested size: 501.87376pt x 377.40907pt.

Overfull \hbox (10.96634pt too wide) in paragraph at lines 2553--2554
[][] 
 []

<images/chapter5/nell-in-full-sail-1914.jpg, id=879, 501.875pt x 424.58624pt>
File: images/chapter5/nell-in-full-sail-1914.jpg Graphic file (type jpg)
<use images/chapter5/nell-in-full-sail-1914.jpg>
Package luatex.def Info: images/chapter5/nell-in-full-sail-1914.jpg  used on input line 2557.
(luatex.def)             Requested size: 501.87376pt x 424.5852pt.

Underfull \vbox (badness 1292) has occurred while \output is active []

[104<./images/chapter5/nell-in-sail-on-the-brisbane-river-19161.jpg>] [105<./images/chapter5/nell-in-full-sail-1914.jpg>]
<images/chapter5/departure.jpg, id=889, 1027.84pt x 825.0825pt>
File: images/chapter5/departure.jpg Graphic file (type jpg)
<use images/chapter5/departure.jpg>
Package luatex.def Info: images/chapter5/departure.jpg  used on input line 2582.
(luatex.def)             Requested size: 1027.8375pt x 825.08049pt.

Underfull \vbox (badness 10000) has occurred while \output is active []

[106] [107<./images/chapter5/departure.jpg>]
<images/chapter5/florida_one_design.jpg, id=901, 146.79843pt x 203.25937pt>
File: images/chapter5/florida_one_design.jpg Graphic file (type jpg)
<use images/chapter5/florida_one_design.jpg>
Package luatex.def Info: images/chapter5/florida_one_design.jpg  used on input line 2608.
(luatex.def)             Requested size: 146.79807pt x 203.25887pt.
[108<./images/chapter5/florida_one_design.jpg>] [109] [110


]
chapter 6.
<images/chapter6/halkett_boat_cloak.jpg, id=917, 431.36156pt x 276.28218pt>
File: images/chapter6/halkett_boat_cloak.jpg Graphic file (type jpg)
<use images/chapter6/halkett_boat_cloak.jpg>
Package luatex.def Info: images/chapter6/halkett_boat_cloak.jpg  used on input line 2669.
(luatex.def)             Requested size: 431.3605pt x 276.2815pt.
[111]
Underfull \hbox (badness 4505) in paragraph at lines 2688--2688
  [][][]\TU/lmr/m/n/9 http://www.rail-waysarchive.co.uk/doc-u-ments/BoT_Ni-neElms1865.pdf, re-trieved
 []


Overfull \hbox (242.57042pt too wide) has occurred while \output is active
[]|\TU/lmr/m/sl/10.95 6 The rain-coat boat bed and the shoe-shine mis-sion-ary: The story of the early sail-ing ca-noes, the first high-performance rac-ers. []
 []

[112<./images/chapter6/halkett_boat_cloak.jpg>]
<images/chapter6/macgregor.jpg, id=933, 240.9pt x 240.9pt>
File: images/chapter6/macgregor.jpg Graphic file (type jpg)
<use images/chapter6/macgregor.jpg>
Package luatex.def Info: images/chapter6/macgregor.jpg  used on input line 2713.
(luatex.def)             Requested size: 240.8994pt x 240.8994pt.

Underfull \vbox (badness 10000) has occurred while \output is active []

[113]
Overfull \hbox (242.57042pt too wide) has occurred while \output is active
[]|\TU/lmr/m/sl/10.95 6 The rain-coat boat bed and the shoe-shine mis-sion-ary: The story of the early sail-ing ca-noes, the first high-performance rac-ers. []
 []

[114<./images/chapter6/macgregor.jpg>]
Missing character: There is no ″ (U+2033) in font [lmroman10-regular]:+tlig;!
Missing character: There is no ″ (U+2033) in font [lmroman10-regular]:+tlig;!
Missing character: There is no ″ (U+2033) in font [lmroman10-regular]:+tlig;!
Missing character: There is no ″ (U+2033) in font [lmroman10-regular]:+tlig;!
Missing character: There is no ″ (U+2033) in font [lmroman10-regular]:+tlig;!
Missing character: There is no ″ (U+2033) in font [lmroman10-regular]:+tlig;!
<images/chapter6/robroy.jpg, id=952, 404.51125pt x 229.85875pt>
File: images/chapter6/robroy.jpg Graphic file (type jpg)
<use images/chapter6/robroy.jpg>
Package luatex.def Info: images/chapter6/robroy.jpg  used on input line 2763.
(luatex.def)             Requested size: 404.51025pt x 229.85817pt.

Underfull \vbox (badness 10000) has occurred while \output is active []

[115
Missing character: There is no ″ (U+2033) in font [lmroman10-regular]:+tlig;!
Missing character: There is no ″ (U+2033) in font [lmroman10-regular]:+tlig;!
]
Overfull \hbox (242.57042pt too wide) has occurred while \output is active
[]|\TU/lmr/m/sl/10.95 6 The rain-coat boat bed and the shoe-shine mis-sion-ary: The story of the early sail-ing ca-noes, the first high-performance rac-ers. []
 []

[116<./images/chapter6/robroy.jpg>]
<images/chapter6/canoetravelling.png, id=969, 622.325pt x 443.6575pt>
File: images/chapter6/canoetravelling.png Graphic file (type png)
<use images/chapter6/canoetravelling.png>
Package luatex.def Info: images/chapter6/canoetravelling.png  used on input line 2816.
(luatex.def)             Requested size: 622.32347pt x 443.6564pt.

Underfull \vbox (badness 10000) has occurred while \output is active []

[117]
Overfull \hbox (242.57042pt too wide) has occurred while \output is active
[]|\TU/lmr/m/sl/10.95 6 The rain-coat boat bed and the shoe-shine mis-sion-ary: The story of the early sail-ing ca-noes, the first high-performance rac-ers. []
 []

[118<./images/chapter6/canoetravelling.png>]
<images/chapter6/portaging-from-1000-miles.jpg, id=991, 90.15683pt x 85.63995pt>
File: images/chapter6/portaging-from-1000-miles.jpg Graphic file (type jpg)
<use images/chapter6/portaging-from-1000-miles.jpg>
Package luatex.def Info: images/chapter6/portaging-from-1000-miles.jpg  used on input line 2851.
(luatex.def)             Requested size: 90.1566pt x 85.63974pt.
<images/chapter6/rob-roy-on-cart.jpg, id=992, 89.97615pt x 66.84975pt>
File: images/chapter6/rob-roy-on-cart.jpg Graphic file (type jpg)
<use images/chapter6/rob-roy-on-cart.jpg>
Package luatex.def Info: images/chapter6/rob-roy-on-cart.jpg  used on input line 2863.
(luatex.def)             Requested size: 89.9759pt x 66.84956pt.
[119<./images/chapter6/portaging-from-1000-miles.jpg><./images/chapter6/rob-roy-on-cart.jpg>]
Overfull \hbox (242.57042pt too wide) has occurred while \output is active
[]|\TU/lmr/m/sl/10.95 6 The rain-coat boat bed and the shoe-shine mis-sion-ary: The story of the early sail-ing ca-noes, the first high-performance rac-ers. []
 []

[120] [121]
<images/chapter6/nautilus.png, id=1023, 602.25pt x 299.1175pt>
File: images/chapter6/nautilus.png Graphic file (type png)
<use images/chapter6/nautilus.png>
Package luatex.def Info: images/chapter6/nautilus.png  used on input line 2951.
(luatex.def)             Requested size: 602.24852pt x 299.11676pt.
<images/chapter6/nautilus-1881.png, id=1024, 702.625pt x 317.185pt>
File: images/chapter6/nautilus-1881.png Graphic file (type png)
<use images/chapter6/nautilus-1881.png>
Package luatex.def Info: images/chapter6/nautilus-1881.png  used on input line 2952.
(luatex.def)             Requested size: 702.62328pt x 317.1842pt.

Overfull \hbox (10.95715pt too wide) in paragraph at lines 2951--2953
[] 
 []


Underfull \vbox (badness 10000) has occurred while \output is active []


Overfull \hbox (242.57042pt too wide) has occurred while \output is active
[]|\TU/lmr/m/sl/10.95 6 The rain-coat boat bed and the shoe-shine mis-sion-ary: The story of the early sail-ing ca-noes, the first high-performance rac-ers. []
 []

[122<./images/chapter6/nautilus.png>] [123<./images/chapter6/nautilus-1881.png>]
<images/chapter6/loch-lomond.png, id=1042, 770.88pt x 565.11125pt>
File: images/chapter6/loch-lomond.png Graphic file (type png)
<use images/chapter6/loch-lomond.png>
Package luatex.def Info: images/chapter6/loch-lomond.png  used on input line 2988.
(luatex.def)             Requested size: 770.87813pt x 565.10986pt.

Overfull \hbox (242.57042pt too wide) has occurred while \output is active
[]|\TU/lmr/m/sl/10.95 6 The rain-coat boat bed and the shoe-shine mis-sion-ary: The story of the early sail-ing ca-noes, the first high-performance rac-ers. []
 []

[124<./images/chapter6/loch-lomond.png>]
<images/chapter6/trewden.jpg, id=1053, 460.72125pt x 283.0575pt>
File: images/chapter6/trewden.jpg Graphic file (type jpg)
<use images/chapter6/trewden.jpg>
Package luatex.def Info: images/chapter6/trewden.jpg  used on input line 3024.
(luatex.def)             Requested size: 460.72012pt x 283.0568pt.

Underfull \vbox (badness 10000) has occurred while \output is active []

[125]
<images/chapter6/belitznautilus.jpg, id=1061, 451.6875pt x 532.23843pt>
File: images/chapter6/belitznautilus.jpg Graphic file (type jpg)
<use images/chapter6/belitznautilus.jpg>
Package luatex.def Info: images/chapter6/belitznautilus.jpg  used on input line 3043.
(luatex.def)             Requested size: 451.68639pt x 532.23712pt.

Underfull \vbox (badness 10000) has occurred while \output is active []


Overfull \hbox (242.57042pt too wide) has occurred while \output is active
[]|\TU/lmr/m/sl/10.95 6 The rain-coat boat bed and the shoe-shine mis-sion-ary: The story of the early sail-ing ca-noes, the first high-performance rac-ers. []
 []

[126<./images/chapter6/trewden.jpg>]
Overfull \vbox (59.0498pt too high) has occurred while \output is active []

[127<./images/chapter6/belitznautilus.jpg>]
<images/chapter6/nautilus-1886.png, id=1073, 770.88pt x 629.35126pt>
File: images/chapter6/nautilus-1886.png Graphic file (type png)
<use images/chapter6/nautilus-1886.png>
Package luatex.def Info: images/chapter6/nautilus-1886.png  used on input line 3056.
(luatex.def)             Requested size: 770.87813pt x 629.34972pt.

Overfull \hbox (10.94577pt too wide) in paragraph at lines 3056--3057
[][] 
 []

<images/chapter6/nautilus-under-spinnaker.png, id=1074, 312.41719pt x 337.26pt>
File: images/chapter6/nautilus-under-spinnaker.png Graphic file (type png)
<use images/chapter6/nautilus-under-spinnaker.png>
Package luatex.def Info: images/chapter6/nautilus-under-spinnaker.png  used on input line 3058.
(luatex.def)             Requested size: 312.41641pt x 337.25917pt.

Underfull \vbox (badness 10000) has occurred while \output is active []


Overfull \hbox (242.57042pt too wide) has occurred while \output is active
[]|\TU/lmr/m/sl/10.95 6 The rain-coat boat bed and the shoe-shine mis-sion-ary: The story of the early sail-ing ca-noes, the first high-performance rac-ers. []
 []

[128<./images/chapter6/nautilus-1886.png>] [129<./images/chapter6/nautilus-under-spinnaker.png>]
<images/chapter6/canoeist-with-bear.jpg, id=1083, 237.88875pt x 377.15906pt>
File: images/chapter6/canoeist-with-bear.jpg Graphic file (type jpg)
<use images/chapter6/canoeist-with-bear.jpg>
Package luatex.def Info: images/chapter6/canoeist-with-bear.jpg  used on input line 3084.
(luatex.def)             Requested size: 237.88815pt x 377.15814pt.

Underfull \vbox (badness 10000) has occurred while \output is active []


Overfull \hbox (242.57042pt too wide) has occurred while \output is active
[]|\TU/lmr/m/sl/10.95 6 The rain-coat boat bed and the shoe-shine mis-sion-ary: The story of the early sail-ing ca-noes, the first high-performance rac-ers. []
 []

[130]
<images/chapter6/alligator.jpg, id=1088, 577.40718pt x 365.86688pt>
File: images/chapter6/alligator.jpg Graphic file (type jpg)
<use images/chapter6/alligator.jpg>
Package luatex.def Info: images/chapter6/alligator.jpg  used on input line 3095.
(luatex.def)             Requested size: 577.40578pt x 365.86598pt.

Underfull \vbox (badness 10000) has occurred while \output is active []

[131<./images/chapter6/canoeist-with-bear.jpg>]
<images/chapter6/nyyc-regatta-1879.png, id=1095, 310.15875pt x 139.27031pt>
File: images/chapter6/nyyc-regatta-1879.png Graphic file (type png)
<use images/chapter6/nyyc-regatta-1879.png>
Package luatex.def Info: images/chapter6/nyyc-regatta-1879.png  used on input line 3119.
(luatex.def)             Requested size: 310.15799pt x 139.26996pt.

Overfull \hbox (242.57042pt too wide) has occurred while \output is active
[]|\TU/lmr/m/sl/10.95 6 The rain-coat boat bed and the shoe-shine mis-sion-ary: The story of the early sail-ing ca-noes, the first high-performance rac-ers. []
 []

[132<./images/chapter6/alligator.jpg>]
<images/chapter6/belitzdot.jpg, id=1105, 144.54pt x 127.4361pt>
File: images/chapter6/belitzdot.jpg Graphic file (type jpg)
<use images/chapter6/belitzdot.jpg>
Package luatex.def Info: images/chapter6/belitzdot.jpg  used on input line 3146.
(luatex.def)             Requested size: 144.53963pt x 127.43578pt.

Underfull \vbox (badness 10000) has occurred while \output is active []

[133<./images/chapter6/nyyc-regatta-1879.png>]
<images/chapter6/radix-centreboard-from-1884-kemp.png, id=1119, 319.1925pt x 268.75406pt>
File: images/chapter6/radix-centreboard-from-1884-kemp.png Graphic file (type png)
<use images/chapter6/radix-centreboard-from-1884-kemp.png>
Package luatex.def Info: images/chapter6/radix-centreboard-from-1884-kemp.png  used on input line 3181.
(luatex.def)             Requested size: 319.19171pt x 268.7534pt.

Overfull \hbox (242.57042pt too wide) has occurred while \output is active
[]|\TU/lmr/m/sl/10.95 6 The rain-coat boat bed and the shoe-shine mis-sion-ary: The story of the early sail-ing ca-noes, the first high-performance rac-ers. []
 []

[134<./images/chapter6/belitzdot.jpg>]
Underfull \vbox (badness 10000) has occurred while \output is active []

[135]
Overfull \hbox (242.57042pt too wide) has occurred while \output is active
[]|\TU/lmr/m/sl/10.95 6 The rain-coat boat bed and the shoe-shine mis-sion-ary: The story of the early sail-ing ca-noes, the first high-performance rac-ers. []
 []

[136<./images/chapter6/radix-centreboard-from-1884-kemp.png>]
<images/chapter6/1881-meeting.png, id=1142, 668.4975pt x 393.47pt>
File: images/chapter6/1881-meeting.png Graphic file (type png)
<use images/chapter6/1881-meeting.png>
Package luatex.def Info: images/chapter6/1881-meeting.png  used on input line 3213.
(luatex.def)             Requested size: 668.49586pt x 393.46902pt.
<images/chapter6/1881-meeting-2.png, id=1143, 672.5125pt x 393.47pt>
File: images/chapter6/1881-meeting-2.png Graphic file (type png)
<use images/chapter6/1881-meeting-2.png>
Package luatex.def Info: images/chapter6/1881-meeting-2.png  used on input line 3214.
(luatex.def)             Requested size: 672.51085pt x 393.46902pt.

Overfull \hbox (10.94627pt too wide) in paragraph at lines 3213--3215
[] 
 []


Underfull \vbox (badness 10000) has occurred while \output is active []

[137<./images/chapter6/1881-meeting.png>]
Missing character: There is no ″ (U+2033) in font [lmroman10-regular]:+tlig;!
Missing character: There is no ″ (U+2033) in font [lmroman10-regular]:+tlig;!
Missing character: There is no ″ (U+2033) in font [lmroman10-regular]:+tlig;!
<images/chapter6/dixon-kemp-canoe-hiking.png, id=1154, 680.5425pt x 396.48125pt>
File: images/chapter6/dixon-kemp-canoe-hiking.png Graphic file (type png)
<use images/chapter6/dixon-kemp-canoe-hiking.png>
Package luatex.def Info: images/chapter6/dixon-kemp-canoe-hiking.png  used on input line 3241.
(luatex.def)             Requested size: 680.54083pt x 396.48027pt.

Overfull \hbox (242.57042pt too wide) has occurred while \output is active
[]|\TU/lmr/m/sl/10.95 6 The rain-coat boat bed and the shoe-shine mis-sion-ary: The story of the early sail-ing ca-noes, the first high-performance rac-ers. []
 []

[138
Missing character: There is no ″ (U+2033) in font [lmroman10-regular]:+tlig;!
<./images/chapter6/1881-meeting-2.png>] [139<./images/chapter6/dixon-kemp-canoe-hiking.png>]
Overfull \hbox (242.57042pt too wide) has occurred while \output is active
[]|\TU/lmr/m/sl/10.95 6 The rain-coat boat bed and the shoe-shine mis-sion-ary: The story of the early sail-ing ca-noes, the first high-performance rac-ers. []
 []

[140] [141]
<images/chapter6/fly.jpg, id=1204, 436.63126pt x 451.6875pt>
File: images/chapter6/fly.jpg Graphic file (type jpg)
<use images/chapter6/fly.jpg>
Package luatex.def Info: images/chapter6/fly.jpg  used on input line 3349.
(luatex.def)             Requested size: 436.63019pt x 451.68639pt.

Underfull \vbox (badness 10000) has occurred while \output is active []


Overfull \hbox (242.57042pt too wide) has occurred while \output is active
[]|\TU/lmr/m/sl/10.95 6 The rain-coat boat bed and the shoe-shine mis-sion-ary: The story of the early sail-ing ca-noes, the first high-performance rac-ers. []
 []

[142]
<images/chapter6/fly_body_plan.png, id=1211, 457.71pt x 308.15125pt>
File: images/chapter6/fly_body_plan.png Graphic file (type png)
<use images/chapter6/fly_body_plan.png>
Package luatex.def Info: images/chapter6/fly_body_plan.png  used on input line 3359.
(luatex.def)             Requested size: 457.7089pt x 308.15048pt.

Overfull \hbox (10.96526pt too wide) in paragraph at lines 3359--3360
[][] 
 []

<images/chapter6/fly_sheer_half_breadths.png, id=1212, 614.295pt x 208.78pt>
File: images/chapter6/fly_sheer_half_breadths.png Graphic file (type png)
<use images/chapter6/fly_sheer_half_breadths.png>
Package luatex.def Info: images/chapter6/fly_sheer_half_breadths.png  used on input line 3361.
(luatex.def)             Requested size: 614.29349pt x 208.77946pt.

Underfull \vbox (badness 10000) has occurred while \output is active []

[143<./images/chapter6/fly.jpg>]
Overfull \hbox (10.94777pt too wide) in paragraph at lines 3361--3362
[][] 
 []


Overfull \hbox (242.57042pt too wide) has occurred while \output is active
[]|\TU/lmr/m/sl/10.95 6 The rain-coat boat bed and the shoe-shine mis-sion-ary: The story of the early sail-ing ca-noes, the first high-performance rac-ers. []
 []

[144<./images/chapter6/fly_body_plan.png><./images/chapter6/fly_sheer_half_breadths.png>]
<images/chapter6/outing14-canoe-rigs.png, id=1225, 692.5875pt x 469.755pt>
File: images/chapter6/outing14-canoe-rigs.png Graphic file (type png)
<use images/chapter6/outing14-canoe-rigs.png>
Package luatex.def Info: images/chapter6/outing14-canoe-rigs.png  used on input line 3383.
(luatex.def)             Requested size: 692.5858pt x 469.75386pt.
<images/chapter6/1886-canoe-meet.png, id=1226, 770.88pt x 466.74374pt>
File: images/chapter6/1886-canoe-meet.png Graphic file (type png)
<use images/chapter6/1886-canoe-meet.png>
Package luatex.def Info: images/chapter6/1886-canoe-meet.png  used on input line 3384.
(luatex.def)             Requested size: 770.87813pt x 466.7426pt.

Overfull \hbox (10.94577pt too wide) in paragraph at lines 3383--3385
[] 
 []


Underfull \vbox (badness 4378) has occurred while \output is active []

[145<./images/chapter6/outing14-canoe-rigs.png>]
<images/chapter6/tafel.jpg, id=1234, 168.63pt x 235.1184pt>
File: images/chapter6/tafel.jpg Graphic file (type jpg)
<use images/chapter6/tafel.jpg>
Package luatex.def Info: images/chapter6/tafel.jpg  used on input line 3406.
(luatex.def)             Requested size: 168.62958pt x 235.1178pt.
<images/chapter6/vesper-plan.png, id=1235, 602.25pt x 262.9825pt>
File: images/chapter6/vesper-plan.png Graphic file (type png)
<use images/chapter6/vesper-plan.png>
Package luatex.def Info: images/chapter6/vesper-plan.png  used on input line 3407.
(luatex.def)             Requested size: 602.24852pt x 262.98184pt.
<images/chapter6/vesper.png, id=1236, 401.5pt x 393.47pt>
File: images/chapter6/vesper.png Graphic file (type png)
<use images/chapter6/vesper.png>
Package luatex.def Info: images/chapter6/vesper.png  used on input line 3408.
(luatex.def)             Requested size: 401.49901pt x 393.46902pt.

Overfull \hbox (171.07681pt too wide) in paragraph at lines 3406--3409
[][] []
 []


Overfull \hbox (10.97246pt too wide) in paragraph at lines 3406--3409
[] 
 []


Overfull \hbox (242.57042pt too wide) has occurred while \output is active
[]|\TU/lmr/m/sl/10.95 6 The rain-coat boat bed and the shoe-shine mis-sion-ary: The story of the early sail-ing ca-noes, the first high-performance rac-ers. []
 []

[146<./images/chapter6/1886-canoe-meet.png>]
Underfull \vbox (badness 10000) has occurred while \output is active []

[147<./images/chapter6/tafel.jpg><./images/chapter6/vesper-plan.png>]
Overfull \hbox (242.57042pt too wide) has occurred while \output is active
[]|\TU/lmr/m/sl/10.95 6 The rain-coat boat bed and the shoe-shine mis-sion-ary: The story of the early sail-ing ca-noes, the first high-performance rac-ers. []
 []

[148<./images/chapter6/vesper.png>]
<images/chapter6/lassie-hiking-v-nautilus-seated.png, id=1253, 301.8778pt x 241.65282pt>
File: images/chapter6/lassie-hiking-v-nautilus-seated.png Graphic file (type png)
<use images/chapter6/lassie-hiking-v-nautilus-seated.png>
Package luatex.def Info: images/chapter6/lassie-hiking-v-nautilus-seated.png  used on input line 3436.
(luatex.def)             Requested size: 301.87706pt x 241.65222pt.

Underfull \vbox (badness 10000) has occurred while \output is active []

[149]
Overfull \hbox (242.57042pt too wide) has occurred while \output is active
[]|\TU/lmr/m/sl/10.95 6 The rain-coat boat bed and the shoe-shine mis-sion-ary: The story of the early sail-ing ca-noes, the first high-performance rac-ers. []
 []

[150<./images/chapter6/lassie-hiking-v-nautilus-seated.png>] [151]
<images/chapter6/crane_butler.jpg, id=1276, 271.0125pt x 182.6825pt>
File: images/chapter6/crane_butler.jpg Graphic file (type jpg)
<use images/chapter6/crane_butler.jpg>
Package luatex.def Info: images/chapter6/crane_butler.jpg  used on input line 3499.
(luatex.def)             Requested size: 271.01183pt x 182.68204pt.

Overfull \hbox (242.57042pt too wide) has occurred while \output is active
[]|\TU/lmr/m/sl/10.95 6 The rain-coat boat bed and the shoe-shine mis-sion-ary: The story of the early sail-ing ca-noes, the first high-performance rac-ers. []
 []

[152<./images/chapter6/crane_butler.jpg>] [153]
<images/chapter6/dixon-kemp-sliding-seat.png, id=1297, 682.55pt x 603.25375pt>
File: images/chapter6/dixon-kemp-sliding-seat.png Graphic file (type png)
<use images/chapter6/dixon-kemp-sliding-seat.png>
Package luatex.def Info: images/chapter6/dixon-kemp-sliding-seat.png  used on input line 3599.
(luatex.def)             Requested size: 682.54834pt x 603.25227pt.

Overfull \hbox (242.57042pt too wide) has occurred while \output is active
[]|\TU/lmr/m/sl/10.95 6 The rain-coat boat bed and the shoe-shine mis-sion-ary: The story of the early sail-ing ca-noes, the first high-performance rac-ers. []
 []

[154] [155<./images/chapter6/dixon-kemp-sliding-seat.png>]
<images/chapter6/mab.png, id=1317, 381.425pt x 351.3125pt>
File: images/chapter6/mab.png Graphic file (type png)
<use images/chapter6/mab.png>
Package luatex.def Info: images/chapter6/mab.png  used on input line 3655.
(luatex.def)             Requested size: 381.42406pt x 351.31163pt.

Overfull \hbox (242.57042pt too wide) has occurred while \output is active
[]|\TU/lmr/m/sl/10.95 6 The rain-coat boat bed and the shoe-shine mis-sion-ary: The story of the early sail-ing ca-noes, the first high-performance rac-ers. []
 []

[156]
<images/chapter6/mab2.png, id=1326, 346.29375pt x 501.875pt>
File: images/chapter6/mab2.png Graphic file (type png)
<use images/chapter6/mab2.png>
Package luatex.def Info: images/chapter6/mab2.png  used on input line 3656.
(luatex.def)             Requested size: 346.2929pt x 501.87376pt.

Underfull \vbox (badness 10000) has occurred while \output is active []

[157<./images/chapter6/mab.png>]
Overfull \hbox (242.57042pt too wide) has occurred while \output is active
[]|\TU/lmr/m/sl/10.95 6 The rain-coat boat bed and the shoe-shine mis-sion-ary: The story of the early sail-ing ca-noes, the first high-performance rac-ers. []
 []

[158<./images/chapter6/mab2.png>] [159]
Overfull \hbox (242.57042pt too wide) has occurred while \output is active
[]|\TU/lmr/m/sl/10.95 6 The rain-coat boat bed and the shoe-shine mis-sion-ary: The story of the early sail-ing ca-noes, the first high-performance rac-ers. []
 []

[160] [161] [162


]
chapter 7.
<images/chapter7/thames-canoes-1923.png, id=1378, 494.59781pt x 368.1253pt>
File: images/chapter7/thames-canoes-1923.png Graphic file (type png)
<use images/chapter7/thames-canoes-1923.png>
Package luatex.def Info: images/chapter7/thames-canoes-1923.png  used on input line 3807.
(luatex.def)             Requested size: 494.59659pt x 368.1244pt.
[163]
Underfull \vbox (badness 3942) has occurred while \output is active []

[164<./images/chapter7/thames-canoes-1923.png>]
<images/chapter7/charm-stewart.jpg, id=1394, 501.875pt x 413.545pt>
File: images/chapter7/charm-stewart.jpg Graphic file (type jpg)
<use images/chapter7/charm-stewart.jpg>
Package luatex.def Info: images/chapter7/charm-stewart.jpg  used on input line 3839.
(luatex.def)             Requested size: 501.87376pt x 413.54398pt.

Underfull \vbox (badness 10000) has occurred while \output is active []

[165] [166<./images/chapter7/charm-stewart.jpg>]
<images/chapter7/snake-pic.png, id=1413, 283.81032pt x 207.77625pt>
File: images/chapter7/snake-pic.png Graphic file (type png)
<use images/chapter7/snake-pic.png>
Package luatex.def Info: images/chapter7/snake-pic.png  used on input line 3869.
(luatex.def)             Requested size: 283.80962pt x 207.77573pt.
[167<./images/chapter7/snake-pic.png>] [168]
<images/chapter7/savitsky.png, id=1435, 486.81876pt x 716.6775pt>
File: images/chapter7/savitsky.png Graphic file (type png)
<use images/chapter7/savitsky.png>
Package luatex.def Info: images/chapter7/savitsky.png  used on input line 3933.
(luatex.def)             Requested size: 486.81757pt x 716.67577pt.

Underfull \vbox (badness 10000) has occurred while \output is active []

[169]
Overfull \vbox (105.20917pt too high) has occurred while \output is active []

[170<./images/chapter7/savitsky.png>] [171]
<images/chapter7/oxford.png, id=1454, 702.625pt x 379.4175pt>
File: images/chapter7/oxford.png Graphic file (type png)
<use images/chapter7/oxford.png>
Package luatex.def Info: images/chapter7/oxford.png  used on input line 4010.
(luatex.def)             Requested size: 702.62328pt x 379.41656pt.

Underfull \vbox (badness 10000) has occurred while \output is active []

[172]
<images/chapter7/medley.jpg, id=1462, 642.4pt x 481.8pt>
File: images/chapter7/medley.jpg Graphic file (type jpg)
<use images/chapter7/medley.jpg>
Package luatex.def Info: images/chapter7/medley.jpg  used on input line 4030.
(luatex.def)             Requested size: 642.39844pt x 481.79881pt.

Overfull \hbox (10.96144pt too wide) in paragraph at lines 4030--4031
[][] 
 []


Underfull \vbox (badness 10000) has occurred while \output is active []

[173<./images/chapter7/oxford.png>] [174<./images/chapter7/medley.jpg>]
<images/chapter7/snake-plan.jpg, id=1475, 168.63pt x 235.1184pt>
File: images/chapter7/snake-plan.jpg Graphic file (type jpg)
<use images/chapter7/snake-plan.jpg>
Package luatex.def Info: images/chapter7/snake-plan.jpg  used on input line 4056.
(luatex.def)             Requested size: 168.62958pt x 235.1178pt.

Underfull \vbox (badness 10000) has occurred while \output is active []

[175]
Overfull \vbox (30.11769pt too high) has occurred while \output is active []

[176<./images/chapter7/snake-plan.jpg>] [177]
<images/chapter7/shadow.png, id=1499, 652.4375pt x 302.12875pt>
File: images/chapter7/shadow.png Graphic file (type png)
<use images/chapter7/shadow.png>
Package luatex.def Info: images/chapter7/shadow.png  used on input line 4139.
(luatex.def)             Requested size: 652.4359pt x 302.128pt.

Underfull \vbox (badness 10000) has occurred while \output is active []

[178]
<images/chapter7/plan.png, id=1506, 501.875pt x 458.71375pt>
File: images/chapter7/plan.png Graphic file (type png)
<use images/chapter7/plan.png>
Package luatex.def Info: images/chapter7/plan.png  used on input line 4157.
(luatex.def)             Requested size: 501.87376pt x 458.71263pt.

Overfull \hbox (10.96634pt too wide) in paragraph at lines 4157--4158
[][] 
 []


Underfull \vbox (badness 10000) has occurred while \output is active []

[179<./images/chapter7/shadow.png>]
Underfull \vbox (badness 10000) has occurred while \output is active []

[180<./images/chapter7/plan.png>]
<images/chapter7/spruce-1.png, id=1520, 281.55188pt x 292.84406pt>
File: images/chapter7/spruce-1.png Graphic file (type png)
<use images/chapter7/spruce-1.png>
Package luatex.def Info: images/chapter7/spruce-1.png  used on input line 4177.
(luatex.def)             Requested size: 281.55118pt x 292.84334pt.

Underfull \vbox (badness 10000) has occurred while \output is active []

[181] [182<./images/chapter7/spruce-1.png>]
<images/chapter7/battledore-sheer-breadth.png, id=1538, 614.295pt x 249.93375pt>
File: images/chapter7/battledore-sheer-breadth.png Graphic file (type png)
<use images/chapter7/battledore-sheer-breadth.png>
Package luatex.def Info: images/chapter7/battledore-sheer-breadth.png  used on input line 4205.
(luatex.def)             Requested size: 614.29349pt x 249.93314pt.
<images/chapter7/battledore-body-plan.png, id=1539, 433.62pt x 328.22626pt>
File: images/chapter7/battledore-body-plan.png Graphic file (type png)
<use images/chapter7/battledore-body-plan.png>
Package luatex.def Info: images/chapter7/battledore-body-plan.png  used on input line 4222.
(luatex.def)             Requested size: 433.61894pt x 328.22545pt.
<images/chapter7/battledore-sail-plan.png, id=1540, 422.57875pt x 372.39125pt>
File: images/chapter7/battledore-sail-plan.png Graphic file (type png)
<use images/chapter7/battledore-sail-plan.png>
Package luatex.def Info: images/chapter7/battledore-sail-plan.png  used on input line 4225.
(luatex.def)             Requested size: 422.57771pt x 372.39034pt.
[183<./images/chapter7/battledore-sheer-breadth.png>] [184<./images/chapter7/battledore-body-plan.png><./images/chapter7/battledore-sail-plan.png>]
<images/chapter7/scow-week.png, id=1563, 770.88pt x 579.16376pt>
File: images/chapter7/scow-week.png Graphic file (type png)
<use images/chapter7/scow-week.png>
Package luatex.def Info: images/chapter7/scow-week.png  used on input line 4277.
(luatex.def)             Requested size: 770.87813pt x 579.16234pt.

Underfull \vbox (badness 10000) has occurred while \output is active []

[185] [186<./images/chapter7/scow-week.png>]
<images/chapter7/bubble.jpg, id=1576, 276.03125pt x 261.97874pt>
File: images/chapter7/bubble.jpg Graphic file (type jpg)
<use images/chapter7/bubble.jpg>
Package luatex.def Info: images/chapter7/bubble.jpg  used on input line 4309.
(luatex.def)             Requested size: 276.03056pt x 261.9781pt.

Underfull \vbox (badness 10000) has occurred while \output is active []

[187] [188<./images/chapter7/bubble.jpg>] [189] [190


]
chapter 8.
<images/chapter8/dust.png, id=1604, 690.58pt x 548.0475pt>
File: images/chapter8/dust.png Graphic file (type png)
<use images/chapter8/dust.png>
Package luatex.def Info: images/chapter8/dust.png  used on input line 4365.
(luatex.def)             Requested size: 690.57831pt x 548.04616pt.

Underfull \vbox (badness 10000) has occurred while \output is active []

[191]
<images/chapter8/sandbagger-goldust-cropped.png, id=1610, 692.5875pt x 272.01625pt>
File: images/chapter8/sandbagger-goldust-cropped.png Graphic file (type png)
<use images/chapter8/sandbagger-goldust-cropped.png>
Package luatex.def Info: images/chapter8/sandbagger-goldust-cropped.png  used on input line 4377.
(luatex.def)             Requested size: 692.5858pt x 272.01558pt.

Underfull \vbox (badness 10000) has occurred while \output is active []


Overfull \hbox (49.93037pt too wide) has occurred while \output is active
[]|\TU/lmr/m/sl/10.95 8 ``We have writ-ten too many obit-u-ar-ies of their vic-tims'' -- the end of the sand-bag-gers []
 []

[192<./images/chapter8/dust.png>] [193<./images/chapter8/sandbagger-goldust-cropped.png>]
<images/chapter8/e-z-sloat.png, id=1626, 704.6325pt x 594.22pt>
File: images/chapter8/e-z-sloat.png Graphic file (type png)
<use images/chapter8/e-z-sloat.png>
Package luatex.def Info: images/chapter8/e-z-sloat.png  used on input line 4438.
(luatex.def)             Requested size: 704.6308pt x 594.21855pt.

Underfull \vbox (badness 6542) has occurred while \output is active []


Overfull \hbox (49.93037pt too wide) has occurred while \output is active
[]|\TU/lmr/m/sl/10.95 8 ``We have writ-ten too many obit-u-ar-ies of their vic-tims'' -- the end of the sand-bag-gers []
 []

[194] [195<./images/chapter8/e-z-sloat.png>]
<images/chapter8/cruiser-outing-vol-14.png, id=1647, 404.26031pt x 324.46219pt>
File: images/chapter8/cruiser-outing-vol-14.png Graphic file (type png)
<use images/chapter8/cruiser-outing-vol-14.png>
Package luatex.def Info: images/chapter8/cruiser-outing-vol-14.png  used on input line 4495.
(luatex.def)             Requested size: 404.25932pt x 324.46138pt.

Underfull \vbox (badness 2512) has occurred while \output is active []


Overfull \hbox (49.93037pt too wide) has occurred while \output is active
[]|\TU/lmr/m/sl/10.95 8 ``We have writ-ten too many obit-u-ar-ies of their vic-tims'' -- the end of the sand-bag-gers []
 []

[196]
<images/chapter8/ed-willis-and-nola.jpg, id=1655, 87.80804pt x 63.3567pt>
File: images/chapter8/ed-willis-and-nola.jpg Graphic file (type jpg)
<use images/chapter8/ed-willis-and-nola.jpg>
Package luatex.def Info: images/chapter8/ed-willis-and-nola.jpg  used on input line 4513.
(luatex.def)             Requested size: 87.80783pt x 63.35654pt.

Underfull \vbox (badness 10000) has occurred while \output is active []

[197<./images/chapter8/cruiser-outing-vol-14.png>]
Overfull \hbox (49.93037pt too wide) has occurred while \output is active
[]|\TU/lmr/m/sl/10.95 8 ``We have writ-ten too many obit-u-ar-ies of their vic-tims'' -- the end of the sand-bag-gers []
 []

[198<./images/chapter8/ed-willis-and-nola.jpg>]
Missing character: There is no ′ (U+2032) in font [lmroman10-regular]:+tlig;!
Missing character: There is no ′ (U+2032) in font [lmroman10-regular]:+tlig;!
Missing character: There is no ′ (U+2032) in font [lmroman10-regular]:+tlig;!
[199
Missing character: There is no ′ (U+2032) in font [lmroman10-regular]:+tlig;!
]
Missing character: There is no ′ (U+2032) in font [lmroman10-regular]:+tlig;!
Missing character: There is no ′ (U+2032) in font [lmroman10-regular]:+tlig;!
Missing character: There is no ′ (U+2032) in font [lmroman10-regular]:+tlig;!

Overfull \hbox (49.93037pt too wide) has occurred while \output is active
[]|\TU/lmr/m/sl/10.95 8 ``We have writ-ten too many obit-u-ar-ies of their vic-tims'' -- the end of the sand-bag-gers []
 []

[200
Missing character: There is no ′ (U+2032) in font [lmroman10-regular]:+tlig;!
]
<images/chapter8/cutter-clara.png, id=1694, 770.88pt x 967.615pt>
File: images/chapter8/cutter-clara.png Graphic file (type png)
<use images/chapter8/cutter-clara.png>
Package luatex.def Info: images/chapter8/cutter-clara.png  used on input line 4638.
(luatex.def)             Requested size: 770.87813pt x 967.61266pt.

Underfull \hbox (badness 10000) in paragraph at lines 4638--4648
[][]
 []


Underfull \vbox (badness 10000) has occurred while \output is active []

[201]
Underfull \vbox (badness 10000) has occurred while \output is active []


Overfull \hbox (49.93037pt too wide) has occurred while \output is active
[]|\TU/lmr/m/sl/10.95 8 ``We have writ-ten too many obit-u-ar-ies of their vic-tims'' -- the end of the sand-bag-gers []
 []

[202<./images/chapter8/cutter-clara.png>]
<images/chapter8/priscilla-puritan-and-atlantic.png, id=1708, 704.6325pt x 519.9425pt>
File: images/chapter8/priscilla-puritan-and-atlantic.png Graphic file (type png)
<use images/chapter8/priscilla-puritan-and-atlantic.png>
Package luatex.def Info: images/chapter8/priscilla-puritan-and-atlantic.png  used on input line 4676.
(luatex.def)             Requested size: 704.6308pt x 519.94124pt.

Underfull \vbox (badness 3657) has occurred while \output is active []

[203]
Overfull \hbox (49.93037pt too wide) has occurred while \output is active
[]|\TU/lmr/m/sl/10.95 8 ``We have writ-ten too many obit-u-ar-ies of their vic-tims'' -- the end of the sand-bag-gers []
 []

[204<./images/chapter8/priscilla-puritan-and-atlantic.png>]
<images/chapter8/gowanus-bay-1867.png, id=1722, 642.4pt x 350.30875pt>
File: images/chapter8/gowanus-bay-1867.png Graphic file (type png)
<use images/chapter8/gowanus-bay-1867.png>
Package luatex.def Info: images/chapter8/gowanus-bay-1867.png  used on input line 4701.
(luatex.def)             Requested size: 642.39844pt x 350.30789pt.
<images/chapter8/gowanus2.jpg, id=1723, 508.90125pt x 200.75pt>
File: images/chapter8/gowanus2.jpg Graphic file (type jpg)
<use images/chapter8/gowanus2.jpg>
Package luatex.def Info: images/chapter8/gowanus2.jpg  used on input line 4712.
(luatex.def)             Requested size: 508.90001pt x 200.7495pt.

Underfull \vbox (badness 10000) has occurred while \output is active []

[205<./images/chapter8/gowanus-bay-1867.png>]
Overfull \hbox (49.93037pt too wide) has occurred while \output is active
[]|\TU/lmr/m/sl/10.95 8 ``We have writ-ten too many obit-u-ar-ies of their vic-tims'' -- the end of the sand-bag-gers []
 []

[206<./images/chapter8/gowanus2.jpg>]
<images/chapter8/grayling.png, id=1741, 705.63625pt x 557.08125pt>
File: images/chapter8/grayling.png Graphic file (type png)
<use images/chapter8/grayling.png>
Package luatex.def Info: images/chapter8/grayling.png  used on input line 4755.
(luatex.def)             Requested size: 705.63452pt x 557.0799pt.

Underfull \vbox (badness 10000) has occurred while \output is active []

[207]
<images/chapter8/mystery-capsize-cropped.png, id=1753, 606.265pt x 1074.0125pt>
File: images/chapter8/mystery-capsize-cropped.png Graphic file (type png)
<use images/chapter8/mystery-capsize-cropped.png>
Package luatex.def Info: images/chapter8/mystery-capsize-cropped.png  used on input line 4777.
(luatex.def)             Requested size: 606.26352pt x 1074.00987pt.

Overfull \hbox (49.93037pt too wide) has occurred while \output is active
[]|\TU/lmr/m/sl/10.95 8 ``We have writ-ten too many obit-u-ar-ies of their vic-tims'' -- the end of the sand-bag-gers []
 []

[208<./images/chapter8/grayling.png>]
Overfull \vbox (64.40044pt too high) has occurred while \output is active []

[209<./images/chapter8/mystery-capsize-cropped.png>]
Overfull \hbox (49.93037pt too wide) has occurred while \output is active
[]|\TU/lmr/m/sl/10.95 8 ``We have writ-ten too many obit-u-ar-ies of their vic-tims'' -- the end of the sand-bag-gers []
 []

[210]
<images/chapter8/sheridan_prize_02.jpg, id=1782, 338.76563pt x 240.14719pt>
File: images/chapter8/sheridan_prize_02.jpg Graphic file (type jpg)
<use images/chapter8/sheridan_prize_02.jpg>
Package luatex.def Info: images/chapter8/sheridan_prize_02.jpg  used on input line 4860.
(luatex.def)             Requested size: 338.76479pt x 240.14658pt.

Underfull \vbox (badness 2376) has occurred while \output is active []

[211]
Overfull \hbox (49.93037pt too wide) has occurred while \output is active
[]|\TU/lmr/m/sl/10.95 8 ``We have writ-ten too many obit-u-ar-ies of their vic-tims'' -- the end of the sand-bag-gers []
 []

[212<./images/chapter8/sheridan_prize_02.jpg>]
chapter 9.
<images/chapter9/small-rowing-craft-wyllie.png, id=1798, 702.625pt x 276.03125pt>
File: images/chapter9/small-rowing-craft-wyllie.png Graphic file (type png)
<use images/chapter9/small-rowing-craft-wyllie.png>
Package luatex.def Info: images/chapter9/small-rowing-craft-wyllie.png  used on input line 4877.
(luatex.def)             Requested size: 702.62328pt x 276.03056pt.
[213


<./images/chapter9/small-rowing-craft-wyllie.png>] [214]
<images/chapter9/whitehall-lines.png, id=1809, 767.86874pt x 475.7775pt>
File: images/chapter9/whitehall-lines.png Graphic file (type png)
<use images/chapter9/whitehall-lines.png>
Package luatex.def Info: images/chapter9/whitehall-lines.png  used on input line 4941.
(luatex.def)             Requested size: 767.86687pt x 475.77632pt.

Underfull \vbox (badness 10000) has occurred while \output is active []

[215]
Missing character: There is no ′ (U+2032) in font [lmroman10-regular]:+tlig;!
Missing character: There is no ′ (U+2032) in font [lmroman10-regular]:+tlig;!
Missing character: There is no ′ (U+2032) in font [lmroman10-regular]:+tlig;!
[216<./images/chapter9/whitehall-lines.png>] [217
Missing character: There is no ′ (U+2032) in font [lmroman10-regular]:+tlig;!
]
<images/chapter9/zinnia.jpg, id=1824, 438.13687pt x 304.13625pt>
File: images/chapter9/zinnia.jpg Graphic file (type jpg)
<use images/chapter9/zinnia.jpg>
Package luatex.def Info: images/chapter9/zinnia.jpg  used on input line 5034.
(luatex.def)             Requested size: 438.13579pt x 304.1355pt.

Underfull \vbox (badness 10000) has occurred while \output is active []

[218]
Underfull \vbox (badness 10000) has occurred while \output is active []

[219<./images/chapter9/zinnia.jpg>]
<images/chapter9/1913-gig-pic.png, id=1834, 770.88pt x 482.80376pt>
File: images/chapter9/1913-gig-pic.png Graphic file (type png)
<use images/chapter9/1913-gig-pic.png>
Package luatex.def Info: images/chapter9/1913-gig-pic.png  used on input line 5088.
(luatex.def)             Requested size: 770.87813pt x 482.80258pt.

Underfull \vbox (badness 10000) has occurred while \output is active []

[220] [221<./images/chapter9/1913-gig-pic.png>]
<images/chapter9/kemp-lug.jpg, id=1844, 547.2947pt x 700.86844pt>
File: images/chapter9/kemp-lug.jpg Graphic file (type jpg)
<use images/chapter9/kemp-lug.jpg>
Package luatex.def Info: images/chapter9/kemp-lug.jpg  used on input line 5116.
(luatex.def)             Requested size: 547.29335pt x 700.86673pt.

Underfull \vbox (badness 10000) has occurred while \output is active []

[222]
Overfull \vbox (81.32729pt too high) has occurred while \output is active []

[223<./images/chapter9/kemp-lug.jpg>]
<images/chapter9/kemp-gig.png, id=1854, 703.62875pt x 431.6125pt>
File: images/chapter9/kemp-gig.png Graphic file (type png)
<use images/chapter9/kemp-gig.png>
Package luatex.def Info: images/chapter9/kemp-gig.png  used on input line 5140.
(luatex.def)             Requested size: 703.62703pt x 431.61143pt.
<images/chapter9/kemp-gig-sections.png, id=1855, 536.0025pt x 315.1775pt>
File: images/chapter9/kemp-gig-sections.png Graphic file (type png)
<use images/chapter9/kemp-gig-sections.png>
Package luatex.def Info: images/chapter9/kemp-gig-sections.png  used on input line 5153.
(luatex.def)             Requested size: 536.00119pt x 315.17673pt.

Overfull \hbox (10.94714pt too wide) in paragraph at lines 5153--5154
[][] 
 []


Underfull \vbox (badness 10000) has occurred while \output is active []

[224<./images/chapter9/kemp-gig.png>]
<images/chapter9/ruby-1.png, id=1861, 770.88pt x 506.89375pt>
File: images/chapter9/ruby-1.png Graphic file (type png)
<use images/chapter9/ruby-1.png>
Package luatex.def Info: images/chapter9/ruby-1.png  used on input line 5174.
(luatex.def)             Requested size: 770.87813pt x 506.89252pt.

Underfull \vbox (badness 10000) has occurred while \output is active []

[225<./images/chapter9/kemp-gig-sections.png>]
<images/chapter9/ruby-2.png, id=1866, 353.06906pt x 377.91188pt>
File: images/chapter9/ruby-2.png Graphic file (type png)
<use images/chapter9/ruby-2.png>
Package luatex.def Info: images/chapter9/ruby-2.png  used on input line 5188.
(luatex.def)             Requested size: 353.06819pt x 377.91095pt.

Overfull \hbox (10.95064pt too wide) in paragraph at lines 5188--5189
[][] 
 []


Underfull \vbox (badness 10000) has occurred while \output is active []

[226<./images/chapter9/ruby-1.png>] [227<./images/chapter9/ruby-2.png>]
<images/chapter9/punch-small-boat.png, id=1877, 702.625pt x 459.7175pt>
File: images/chapter9/punch-small-boat.png Graphic file (type png)
<use images/chapter9/punch-small-boat.png>
Package luatex.def Info: images/chapter9/punch-small-boat.png  used on input line 5212.
(luatex.def)             Requested size: 702.62328pt x 459.71637pt.

Underfull \vbox (badness 10000) has occurred while \output is active []

[228] [229<./images/chapter9/punch-small-boat.png>] [230


]
chapter 10.
<images/chapter10/gitana-sailing.png, id=1891, 702.625pt x 309.155pt>
File: images/chapter10/gitana-sailing.png Graphic file (type png)
<use images/chapter10/gitana-sailing.png>
Package luatex.def Info: images/chapter10/gitana-sailing.png  used on input line 5233.
(luatex.def)             Requested size: 702.62328pt x 309.15424pt.

Underfull \vbox (badness 5475) has occurred while \output is active []

[231<./images/chapter10/gitana-sailing.png>]
<images/chapter10/gitana-on-board.png, id=1898, 703.62875pt x 340.27126pt>
File: images/chapter10/gitana-on-board.png Graphic file (type png)
<use images/chapter10/gitana-on-board.png>
Package luatex.def Info: images/chapter10/gitana-on-board.png  used on input line 5268.
(luatex.def)             Requested size: 703.62703pt x 340.27042pt.

Underfull \vbox (badness 10000) has occurred while \output is active []

[232] [233<./images/chapter10/gitana-on-board.png>]
<images/chapter10/north-haven-dinghy.png, id=1909, 471.26062pt x 272.51813pt>
File: images/chapter10/north-haven-dinghy.png Graphic file (type png)
<use images/chapter10/north-haven-dinghy.png>
Package luatex.def Info: images/chapter10/north-haven-dinghy.png  used on input line 5328.
(luatex.def)             Requested size: 471.25948pt x 272.51746pt.

Underfull \vbox (badness 10000) has occurred while \output is active []

[234] [235<./images/chapter10/north-haven-dinghy.png>] [236] [237]
<images/chapter10/water-wag-launch.jpg, id=1935, 389.455pt x 130.4875pt>
File: images/chapter10/water-wag-launch.jpg Graphic file (type jpg)
<use images/chapter10/water-wag-launch.jpg>
Package luatex.def Info: images/chapter10/water-wag-launch.jpg  used on input line 5435.
(luatex.def)             Requested size: 389.45404pt x 130.48717pt.
<images/chapter10/original-water-wag.png, id=1936, 348.55219pt x 444.91219pt>
File: images/chapter10/original-water-wag.png Graphic file (type png)
<use images/chapter10/original-water-wag.png>
Package luatex.def Info: images/chapter10/original-water-wag.png  used on input line 5459.
(luatex.def)             Requested size: 348.55132pt x 444.91109pt.
[238<./images/chapter10/water-wag-launch.jpg>]
Overfull \vbox (49.5109pt too high) has occurred while \output is active []

[239<./images/chapter10/original-water-wag.png>]
<images/chapter10/first-water-wag-lines.png, id=1947, 672.5125pt x 410.53375pt>
File: images/chapter10/first-water-wag-lines.png Graphic file (type png)
<use images/chapter10/first-water-wag-lines.png>
Package luatex.def Info: images/chapter10/first-water-wag-lines.png  used on input line 5497.
(luatex.def)             Requested size: 672.51085pt x 410.53275pt.

Underfull \vbox (badness 10000) has occurred while \output is active []

[240] [241<./images/chapter10/first-water-wag-lines.png>]
<images/chapter10/water-wag.png, id=1957, 569.87906pt x 365.86688pt>
File: images/chapter10/water-wag.png Graphic file (type png)
<use images/chapter10/water-wag.png>
Package luatex.def Info: images/chapter10/water-wag.png  used on input line 5534.
(luatex.def)             Requested size: 569.87766pt x 365.86598pt.

Underfull \vbox (badness 10000) has occurred while \output is active []

[242<./images/chapter10/water-wag.png>]
<images/chapter10/slut-photo.png, id=1963, 626.34pt x 770.88pt>
File: images/chapter10/slut-photo.png Graphic file (type png)
<use images/chapter10/slut-photo.png>
Package luatex.def Info: images/chapter10/slut-photo.png  used on input line 5584.
(luatex.def)             Requested size: 626.33846pt x 770.87813pt.
[243]
Overfull \vbox (77.44257pt too high) has occurred while \output is active []

[244<./images/chapter10/slut-photo.png>]
<images/chapter10/southport-pier.png, id=1973, 704.6325pt x 469.755pt>
File: images/chapter10/southport-pier.png Graphic file (type png)
<use images/chapter10/southport-pier.png>
Package luatex.def Info: images/chapter10/southport-pier.png  used on input line 5630.
(luatex.def)             Requested size: 704.6308pt x 469.75386pt.

Underfull \vbox (badness 10000) has occurred while \output is active []

[245] [246<./images/chapter10/southport-pier.png>]
<images/chapter10/seabirds1.png, id=1983, 420.82219pt x 322.20375pt>
File: images/chapter10/seabirds1.png Graphic file (type png)
<use images/chapter10/seabirds1.png>
Package luatex.def Info: images/chapter10/seabirds1.png  used on input line 5665.
(luatex.def)             Requested size: 420.82115pt x 322.20296pt.

Underfull \vbox (badness 10000) has occurred while \output is active []

[247]
Underfull \vbox (badness 10000) has occurred while \output is active []

[248<./images/chapter10/seabirds1.png>]
<images/chapter10/west-lancashire-yc-12.jpg, id=1994, 325.215pt x 92.59593pt>
File: images/chapter10/west-lancashire-yc-12.jpg Graphic file (type jpg)
<use images/chapter10/west-lancashire-yc-12.jpg>
Package luatex.def Info: images/chapter10/west-lancashire-yc-12.jpg  used on input line 5704.
(luatex.def)             Requested size: 325.2142pt x 92.59569pt.
<images/chapter10/hoylake-restricted-class.jpg, id=1995, 331.2375pt x 89.58469pt>
File: images/chapter10/hoylake-restricted-class.jpg Graphic file (type jpg)
<use images/chapter10/hoylake-restricted-class.jpg>
Package luatex.def Info: images/chapter10/hoylake-restricted-class.jpg  used on input line 5707.
(luatex.def)             Requested size: 331.23668pt x 89.58446pt.
<images/chapter10/slut-12.png, id=1996, 185.19188pt x 254.45062pt>
File: images/chapter10/slut-12.png Graphic file (type png)
<use images/chapter10/slut-12.png>
Package luatex.def Info: images/chapter10/slut-12.png  used on input line 5708.
(luatex.def)             Requested size: 185.1914pt x 254.45pt.

Underfull \hbox (badness 10000) in paragraph at lines 5707--5708
[][]
 []


LaTeX Warning: Float too large for page by 138.43pt on input line 5721.

[249] [250<./images/chapter10/west-lancashire-yc-12.jpg><./images/chapter10/hoylake-restricted-class.jpg><./images/chapter10/slut-12.png>]
<images/chapter10/lines.jpg, id=2006, 601.24625pt x 625.33624pt>
File: images/chapter10/lines.jpg Graphic file (type jpg)
<use images/chapter10/lines.jpg>
Package luatex.def Info: images/chapter10/lines.jpg  used on input line 5758.
(luatex.def)             Requested size: 601.24477pt x 625.33472pt.

Overfull \hbox (10.95924pt too wide) in paragraph at lines 5758--5759
[][] 
 []


Underfull \vbox (badness 10000) has occurred while \output is active []

[251]
<images/chapter10/sailplan.jpg, id=2011, 451.6875pt x 620.3175pt>
File: images/chapter10/sailplan.jpg Graphic file (type jpg)
<use images/chapter10/sailplan.jpg>
Package luatex.def Info: images/chapter10/sailplan.jpg  used on input line 5769.
(luatex.def)             Requested size: 451.68639pt x 620.316pt.
[252<./images/chapter10/lines.jpg>]
Underfull \vbox (badness 10000) has occurred while \output is active []

[253]
Underfull \vbox (badness 10000) has occurred while \output is active []

[254<./images/chapter10/sailplan.jpg>]
<images/chapter10/twelves.jpg, id=2024, 641.39626pt x 427.5975pt>
File: images/chapter10/twelves.jpg Graphic file (type jpg)
<use images/chapter10/twelves.jpg>
Package luatex.def Info: images/chapter10/twelves.jpg  used on input line 5806.
(luatex.def)             Requested size: 641.39468pt x 427.59645pt.

Underfull \vbox (badness 10000) has occurred while \output is active []

[255]
<images/chapter10/giles.png, id=2029, 702.625pt x 349.305pt>
File: images/chapter10/giles.png Graphic file (type png)
<use images/chapter10/giles.png>
Package luatex.def Info: images/chapter10/giles.png  used on input line 5830.
(luatex.def)             Requested size: 702.62328pt x 349.30414pt.
[256<./images/chapter10/twelves.jpg>]
<images/chapter10/12ft_1928_olympic.png, id=2035, 702.625pt x 383.4325pt>
File: images/chapter10/12ft_1928_olympic.png Graphic file (type png)
<use images/chapter10/12ft_1928_olympic.png>
Package luatex.def Info: images/chapter10/12ft_1928_olympic.png  used on input line 5852.
(luatex.def)             Requested size: 702.62328pt x 383.43156pt.

Underfull \vbox (badness 10000) has occurred while \output is active []

[257<./images/chapter10/giles.png>]
File: images/chapter10/twelves.jpg Graphic file (type jpg)
<use images/chapter10/twelves.jpg>
Package luatex.def Info: images/chapter10/twelves.jpg  used on input line 5878.
(luatex.def)             Requested size: 641.39468pt x 427.59645pt.
[258<./images/chapter10/12ft_1928_olympic.png>] [259]
<images/chapter10/international-12.png, id=2052, 699.61375pt x 439.6425pt>
File: images/chapter10/international-12.png Graphic file (type png)
<use images/chapter10/international-12.png>
Package luatex.def Info: images/chapter10/international-12.png  used on input line 5918.
(luatex.def)             Requested size: 699.61205pt x 439.64142pt.

Underfull \vbox (badness 10000) has occurred while \output is active []

[260] [261<./images/chapter10/international-12.png>]
<images/chapter10/fibreglass-12.png, id=2064, 702.625pt x 526.96875pt>
File: images/chapter10/fibreglass-12.png Graphic file (type png)
<use images/chapter10/fibreglass-12.png>
Package luatex.def Info: images/chapter10/fibreglass-12.png  used on input line 5950.
(luatex.def)             Requested size: 702.62328pt x 526.96745pt.
[262<./images/chapter10/fibreglass-12.png>]
<images/chapter10/woodwork.jpg, id=2070, 256.96pt x 192.72pt>
File: images/chapter10/woodwork.jpg Graphic file (type jpg)
<use images/chapter10/woodwork.jpg>
Package luatex.def Info: images/chapter10/woodwork.jpg  used on input line 5999.
(luatex.def)             Requested size: 256.95937pt x 192.71951pt.
<images/chapter10/woodwork-2.jpg, id=2071, 256.157pt x 154.5775pt>
File: images/chapter10/woodwork-2.jpg Graphic file (type jpg)
<use images/chapter10/woodwork-2.jpg>
Package luatex.def Info: images/chapter10/woodwork-2.jpg  used on input line 6002.
(luatex.def)             Requested size: 256.15636pt x 154.5771pt.
[263] [264<./images/chapter10/woodwork.jpg><./images/chapter10/woodwork-2.jpg>] [265] [266


]
chapter 11.
<images/chapter11/historic.png, id=2090, 770.88pt x 512.91624pt>
File: images/chapter11/historic.png Graphic file (type png)
<use images/chapter11/historic.png>
Package luatex.def Info: images/chapter11/historic.png  used on input line 6038.
(luatex.def)             Requested size: 770.87813pt x 512.915pt.
[267<./images/chapter11/historic.png>] [268]
<images/chapter11/maltese-cross.png, id=2102, 702.625pt x 431.6125pt>
File: images/chapter11/maltese-cross.png Graphic file (type png)
<use images/chapter11/maltese-cross.png>
Package luatex.def Info: images/chapter11/maltese-cross.png  used on input line 6095.
(luatex.def)             Requested size: 702.62328pt x 431.61143pt.
<images/chapter11/laurel-inter-colonial-1.png, id=2103, 703.62875pt x 542.025pt>
File: images/chapter11/laurel-inter-colonial-1.png Graphic file (type png)
<use images/chapter11/laurel-inter-colonial-1.png>
Package luatex.def Info: images/chapter11/laurel-inter-colonial-1.png  used on input line 6098.
(luatex.def)             Requested size: 703.62703pt x 542.02367pt.

LaTeX Warning: Float too large for page by 146.0341pt on input line 6108.

<images/chapter11/raters-again-by-wyllie.png, id=2104, 706.64pt x 465.74pt>
File: images/chapter11/raters-again-by-wyllie.png Graphic file (type png)
<use images/chapter11/raters-again-by-wyllie.png>
Package luatex.def Info: images/chapter11/raters-again-by-wyllie.png  used on input line 6144.
(luatex.def)             Requested size: 706.63828pt x 465.73886pt.
[269] [270<./images/chapter11/maltese-cross.png><./images/chapter11/laurel-inter-colonial-1.png>] [271<./images/chapter11/raters-again-by-wyllie.png>] [272]
<images/chapter11/mascotte.jpg, id=2123, 562.1pt x 231.86626pt>
File: images/chapter11/mascotte.jpg Graphic file (type jpg)
<use images/chapter11/mascotte.jpg>
Package luatex.def Info: images/chapter11/mascotte.jpg  used on input line 6211.
(luatex.def)             Requested size: 562.09863pt x 231.86568pt.
<images/chapter11/itchen-boat-rig-flipped.png, id=2124, 116.8365pt x 138.9993pt>
File: images/chapter11/itchen-boat-rig-flipped.png Graphic file (type png)
<use images/chapter11/itchen-boat-rig-flipped.png>
Package luatex.def Info: images/chapter11/itchen-boat-rig-flipped.png  used on input line 6229.
(luatex.def)             Requested size: 116.83621pt x 138.99895pt.
<images/chapter11/centipede.jpg, id=2125, 372.64218pt x 228.10219pt>
File: images/chapter11/centipede.jpg Graphic file (type jpg)
<use images/chapter11/centipede.jpg>
Package luatex.def Info: images/chapter11/centipede.jpg  used on input line 6232.
(luatex.def)             Requested size: 372.64127pt x 228.10161pt.
[273<./images/chapter11/mascotte.jpg>] [274<./images/chapter11/itchen-boat-rig-flipped.png><./images/chapter11/centipede.jpg>]
<images/chapter11/itchen-boat-frolic-cropped.jpg, id=2136, 111.5367pt x 130.8087pt>
File: images/chapter11/itchen-boat-frolic-cropped.jpg Graphic file (type jpg)
<use images/chapter11/itchen-boat-frolic-cropped.jpg>
Package luatex.def Info: images/chapter11/itchen-boat-frolic-cropped.jpg  used on input line 6259.
(luatex.def)             Requested size: 111.5364pt x 130.80836pt.
<images/chapter11/minima-2.png, id=2137, 699.61375pt x 319.1925pt>
File: images/chapter11/minima-2.png Graphic file (type png)
<use images/chapter11/minima-2.png>
Package luatex.def Info: images/chapter11/minima-2.png  used on input line 6262.
(luatex.def)             Requested size: 699.61205pt x 319.19171pt.
Missing character: There is no ′ (U+2032) in font [lmroman10-regular]:+tlig;!
Missing character: There is no ′ (U+2032) in font [lmroman10-regular]:+tlig;!
<images/chapter11/lady-nan.png, id=2138, 703.62875pt x 367.3725pt>
File: images/chapter11/lady-nan.png Graphic file (type png)
<use images/chapter11/lady-nan.png>
Package luatex.def Info: images/chapter11/lady-nan.png  used on input line 6299.
(luatex.def)             Requested size: 703.62703pt x 367.37158pt.

Underfull \vbox (badness 10000) has occurred while \output is active []

[275
Missing character: There is no ′ (U+2032) in font [lmroman10-regular]:+tlig;!
] [276<./images/chapter11/itchen-boat-frolic-cropped.jpg><./images/chapter11/minima-2.png>]
<images/chapter11/humming-bird-april-1890-hull-only.jpg, id=2148, 262.9825pt x 87.32625pt>
File: images/chapter11/humming-bird-april-1890-hull-only.jpg Graphic file (type jpg)
<use images/chapter11/humming-bird-april-1890-hull-only.jpg>
Package luatex.def Info: images/chapter11/humming-bird-april-1890-hull-only.jpg  used on input line 6316.
(luatex.def)             Requested size: 262.98184pt x 87.32603pt.

Underfull \vbox (badness 1448) has occurred while \output is active []

[277<./images/chapter11/lady-nan.png><./images/chapter11/humming-bird-april-1890-hull-only.jpg>]
<images/chapter11/niny-of-1891.png, id=2156, 704.6325pt x 438.63875pt>
File: images/chapter11/niny-of-1891.png Graphic file (type png)
<use images/chapter11/niny-of-1891.png>
Package luatex.def Info: images/chapter11/niny-of-1891.png  used on input line 6342.
(luatex.def)             Requested size: 704.6308pt x 438.63766pt.

Underfull \vbox (badness 10000) has occurred while \output is active []

[278]
<images/chapter11/niny-sail-plan.png, id=2161, 551.05875pt x 536.0025pt>
File: images/chapter11/niny-sail-plan.png Graphic file (type png)
<use images/chapter11/niny-sail-plan.png>
Package luatex.def Info: images/chapter11/niny-sail-plan.png  used on input line 6355.
(luatex.def)             Requested size: 551.05739pt x 536.00119pt.
<images/chapter11/niny-sections.png, id=2162, 316.18124pt x 390.45876pt>
File: images/chapter11/niny-sections.png Graphic file (type png)
<use images/chapter11/niny-sections.png>
Package luatex.def Info: images/chapter11/niny-sections.png  used on input line 6358.
(luatex.def)             Requested size: 316.18047pt x 390.4578pt.
[279<./images/chapter11/niny-of-1891.png>] [280<./images/chapter11/niny-sail-plan.png><./images/chapter11/niny-sections.png>]
<images/chapter11/coquette.png, id=2173, 702.625pt x 213.79875pt>
File: images/chapter11/coquette.png Graphic file (type png)
<use images/chapter11/coquette.png>
Package luatex.def Info: images/chapter11/coquette.png  used on input line 6386.
(luatex.def)             Requested size: 702.62328pt x 213.79822pt.
<images/chapter11/wee-win-from-badminton.jpg, id=2174, 60.225pt x 19.39246pt>
File: images/chapter11/wee-win-from-badminton.jpg Graphic file (type jpg)
<use images/chapter11/wee-win-from-badminton.jpg>
Package luatex.def Info: images/chapter11/wee-win-from-badminton.jpg  used on input line 6405.
(luatex.def)             Requested size: 60.22484pt x 19.3924pt.
[281<./images/chapter11/coquette.png><./images/chapter11/wee-win-from-badminton.jpg>]
<images/chapter11/riverside-cropped.png, id=2181, 127.677pt x 63.5976pt>
File: images/chapter11/riverside-cropped.png Graphic file (type png)
<use images/chapter11/riverside-cropped.png>
Package luatex.def Info: images/chapter11/riverside-cropped.png  used on input line 6452.
(luatex.def)             Requested size: 127.67668pt x 63.59743pt.

Underfull \vbox (badness 10000) has occurred while \output is active []

[282]
<images/chapter11/maharanee-lines.png, id=2186, 702.625pt x 308.15125pt>
File: images/chapter11/maharanee-lines.png Graphic file (type png)
<use images/chapter11/maharanee-lines.png>
Package luatex.def Info: images/chapter11/maharanee-lines.png  used on input line 6480.
(luatex.def)             Requested size: 702.62328pt x 308.15048pt.
<images/chapter11/maharanee-section1.png, id=2187, 554.07pt x 935.495pt>
File: images/chapter11/maharanee-section1.png Graphic file (type png)
<use images/chapter11/maharanee-section1.png>
Package luatex.def Info: images/chapter11/maharanee-section1.png  used on input line 6483.
(luatex.def)             Requested size: 554.06865pt x 935.4927pt.

LaTeX Warning: Float too large for page by 232.96254pt on input line 6490.

[283<./images/chapter11/riverside-cropped.png>] [284<./images/chapter11/maharanee-lines.png><./images/chapter11/maharanee-section1.png>]
<images/chapter11/unorna-sailplan.png, id=2199, 704.6325pt x 612.2875pt>
File: images/chapter11/unorna-sailplan.png Graphic file (type png)
<use images/chapter11/unorna-sailplan.png>
Package luatex.def Info: images/chapter11/unorna-sailplan.png  used on input line 6522.
(luatex.def)             Requested size: 704.6308pt x 612.28601pt.
<images/chapter11/unorna-lines.png, id=2200, 703.62875pt x 271.0125pt>
File: images/chapter11/unorna-lines.png Graphic file (type png)
<use images/chapter11/unorna-lines.png>
Package luatex.def Info: images/chapter11/unorna-lines.png  used on input line 6525.
(luatex.def)             Requested size: 703.62703pt x 271.01183pt.

LaTeX Warning: Float too large for page by 59.42157pt on input line 6533.

<images/chapter11/ff_plan_600.jpg, id=2201, 144.54pt x 79.2561pt>
File: images/chapter11/ff_plan_600.jpg Graphic file (type jpg)
<use images/chapter11/ff_plan_600.jpg>
Package luatex.def Info: images/chapter11/ff_plan_600.jpg  used on input line 6556.
(luatex.def)             Requested size: 144.53963pt x 79.2559pt.
[285] [286<./images/chapter11/unorna-sailplan.png><./images/chapter11/unorna-lines.png>]
<images/chapter11/sorceress-sail-plan.png, id=2211, 296.10625pt x 263.98625pt>
File: images/chapter11/sorceress-sail-plan.png Graphic file (type png)
<use images/chapter11/sorceress-sail-plan.png>
Package luatex.def Info: images/chapter11/sorceress-sail-plan.png  used on input line 6587.
(luatex.def)             Requested size: 296.10551pt x 263.9856pt.
[287<./images/chapter11/ff_plan_600.jpg>] [288<./images/chapter11/sorceress-sail-plan.png>]
<images/chapter11/rater-capsized.png, id=2223, 354.57469pt x 228.10219pt>
File: images/chapter11/rater-capsized.png Graphic file (type png)
<use images/chapter11/rater-capsized.png>
Package luatex.def Info: images/chapter11/rater-capsized.png  used on input line 6635.
(luatex.def)             Requested size: 354.57382pt x 228.10161pt.

Underfull \vbox (badness 10000) has occurred while \output is active []

[289] [290<./images/chapter11/rater-capsized.png>]
<images/chapter11/britannia-2.png, id=2233, 702.625pt x 558.085pt>
File: images/chapter11/britannia-2.png Graphic file (type png)
<use images/chapter11/britannia-2.png>
Package luatex.def Info: images/chapter11/britannia-2.png  used on input line 6663.
(luatex.def)             Requested size: 702.62328pt x 558.08365pt.
<images/chapter11/theo_smith_sailing_canoe.jpg, id=2234, 280.04625pt x 469.755pt>
File: images/chapter11/theo_smith_sailing_canoe.jpg Graphic file (type jpg)
<use images/chapter11/theo_smith_sailing_canoe.jpg>
Package luatex.def Info: images/chapter11/theo_smith_sailing_canoe.jpg  used on input line 6666.
(luatex.def)             Requested size: 280.04555pt x 469.75386pt.

LaTeX Warning: Float too large for page by 466.61794pt on input line 6681.

<images/chapter11/vagabond.jpg, id=2235, 238.0895pt x 243.7105pt>
File: images/chapter11/vagabond.jpg Graphic file (type jpg)
<use images/chapter11/vagabond.jpg>
Package luatex.def Info: images/chapter11/vagabond.jpg  used on input line 6705.
(luatex.def)             Requested size: 238.08891pt x 243.70988pt.

Underfull \vbox (badness 10000) has occurred while \output is active []

[291] [292<./images/chapter11/britannia-2.png><./images/chapter11/theo_smith_sailing_canoe.jpg>] [293<./images/chapter11/vagabond.jpg>]
<images/chapter11/thames-rater-queens-cup-2014.png, id=2251, 702.625pt x 467.7475pt>
File: images/chapter11/thames-rater-queens-cup-2014.png Graphic file (type png)
<use images/chapter11/thames-rater-queens-cup-2014.png>
Package luatex.def Info: images/chapter11/thames-rater-queens-cup-2014.png  used on input line 6741.
(luatex.def)             Requested size: 702.62328pt x 467.74634pt.

Underfull \vbox (badness 10000) has occurred while \output is active []

[294] [295<./images/chapter11/thames-rater-queens-cup-2014.png>] [296]
chapter 12.
[297


]
<images/chapter12/wee-win-from-badminton-2.jpg, id=2271, 48.18pt x 37.3395pt>
File: images/chapter12/wee-win-from-badminton-2.jpg Graphic file (type jpg)
<use images/chapter12/wee-win-from-badminton-2.jpg>
Package luatex.def Info: images/chapter12/wee-win-from-badminton-2.jpg  used on input line 6809.
(luatex.def)             Requested size: 48.17986pt x 37.33939pt.

Overfull \hbox (70.4014pt too wide) has occurred while \output is active
[]|\TU/lmr/m/sl/10.95 12 ``In ev-ery re-spect a sport suited to our sex'': the women who changed small-boat sail-ing []
 []

[298<./images/chapter12/wee-win-from-badminton-2.jpg>]

LaTeX Warning: Reference `sec-chapter11' on page 299 undefined on input line 6839.

<images/chapter12/morwena.jpg, id=2279, 651.43375pt x 539.01375pt>
File: images/chapter12/morwena.jpg Graphic file (type jpg)
<use images/chapter12/morwena.jpg>
Package luatex.def Info: images/chapter12/morwena.jpg  used on input line 6854.
(luatex.def)             Requested size: 651.43214pt x 539.01242pt.

Underfull \vbox (badness 10000) has occurred while \output is active []

[299]
Overfull \hbox (70.4014pt too wide) has occurred while \output is active
[]|\TU/lmr/m/sl/10.95 12 ``In ev-ery re-spect a sport suited to our sex'': the women who changed small-boat sail-ing []
 []

[300<./images/chapter12/morwena.jpg>]
<images/chapter12/rater-women-portraits.png, id=2289, 563.10374pt x 386.19281pt>
File: images/chapter12/rater-women-portraits.png Graphic file (type png)
<use images/chapter12/rater-women-portraits.png>
Package luatex.def Info: images/chapter12/rater-women-portraits.png  used on input line 6878.
(luatex.def)             Requested size: 563.10237pt x 386.19185pt.

Underfull \vbox (badness 10000) has occurred while \output is active []

[301]
Overfull \hbox (70.4014pt too wide) has occurred while \output is active
[]|\TU/lmr/m/sl/10.95 12 ``In ev-ery re-spect a sport suited to our sex'': the women who changed small-boat sail-ing []
 []

[302<./images/chapter12/rater-women-portraits.png>]
<images/chapter12/maud-wyllie.jpg, id=2299, 457.71pt x 596.2275pt>
File: images/chapter12/maud-wyllie.jpg Graphic file (type jpg)
<use images/chapter12/maud-wyllie.jpg>
Package luatex.def Info: images/chapter12/maud-wyllie.jpg  used on input line 6912.
(luatex.def)             Requested size: 457.7089pt x 596.22604pt.

Underfull \vbox (badness 10000) has occurred while \output is active []

[303]
Overfull \vbox (61.87686pt too high) has occurred while \output is active []


Overfull \hbox (70.4014pt too wide) has occurred while \output is active
[]|\TU/lmr/m/sl/10.95 12 ``In ev-ery re-spect a sport suited to our sex'': the women who changed small-boat sail-ing []
 []

[304<./images/chapter12/maud-wyllie.jpg>]
<images/chapter12/sea-serpent.jpg, id=2309, 569.12625pt x 629.35126pt>
File: images/chapter12/sea-serpent.jpg Graphic file (type jpg)
<use images/chapter12/sea-serpent.jpg>
Package luatex.def Info: images/chapter12/sea-serpent.jpg  used on input line 6952.
(luatex.def)             Requested size: 569.12486pt x 629.34972pt.

Underfull \vbox (badness 10000) has occurred while \output is active []

[305]
Overfull \vbox (74.38654pt too high) has occurred while \output is active []


Overfull \hbox (70.4014pt too wide) has occurred while \output is active
[]|\TU/lmr/m/sl/10.95 12 ``In ev-ery re-spect a sport suited to our sex'': the women who changed small-boat sail-ing []
 []

[306<./images/chapter12/sea-serpent.jpg>]
<images/chapter12/sea-maiden-pic.jpg, id=2319, 673.51625pt x 474.77374pt>
File: images/chapter12/sea-maiden-pic.jpg Graphic file (type jpg)
<use images/chapter12/sea-maiden-pic.jpg>
Package luatex.def Info: images/chapter12/sea-maiden-pic.jpg  used on input line 6993.
(luatex.def)             Requested size: 673.5146pt x 474.77258pt.

Underfull \vbox (badness 10000) has occurred while \output is active []

[307]
Overfull \hbox (70.4014pt too wide) has occurred while \output is active
[]|\TU/lmr/m/sl/10.95 12 ``In ev-ery re-spect a sport suited to our sex'': the women who changed small-boat sail-ing []
 []

[308<./images/chapter12/sea-maiden-pic.jpg>]
<images/chapter12/boat-racing-by-ladies.png, id=2330, 325.96782pt x 269.50688pt>
File: images/chapter12/boat-racing-by-ladies.png Graphic file (type png)
<use images/chapter12/boat-racing-by-ladies.png>
Package luatex.def Info: images/chapter12/boat-racing-by-ladies.png  used on input line 7029.
(luatex.def)             Requested size: 325.96701pt x 269.50621pt.

Underfull \vbox (badness 10000) has occurred while \output is active []

[309]
Overfull \hbox (70.4014pt too wide) has occurred while \output is active
[]|\TU/lmr/m/sl/10.95 12 ``In ev-ery re-spect a sport suited to our sex'': the women who changed small-boat sail-ing []
 []

[310<./images/chapter12/boat-racing-by-ladies.png>]
<images/chapter12/spruce-iii-drawing.png, id=2340, 431.36156pt x 414.79968pt>
File: images/chapter12/spruce-iii-drawing.png Graphic file (type png)
<use images/chapter12/spruce-iii-drawing.png>
Package luatex.def Info: images/chapter12/spruce-iii-drawing.png  used on input line 7054.
(luatex.def)             Requested size: 431.3605pt x 414.79868pt.

Underfull \vbox (badness 10000) has occurred while \output is active []

[311]
Overfull \hbox (70.4014pt too wide) has occurred while \output is active
[]|\TU/lmr/m/sl/10.95 12 ``In ev-ery re-spect a sport suited to our sex'': the women who changed small-boat sail-ing []
 []

[312<./images/chapter12/spruce-iii-drawing.png>]
<images/chapter12/irex.png, id=2350, 701.62125pt x 473.77pt>
File: images/chapter12/irex.png Graphic file (type png)
<use images/chapter12/irex.png>
Package luatex.def Info: images/chapter12/irex.png  used on input line 7093.
(luatex.def)             Requested size: 701.61952pt x 473.76884pt.

Underfull \vbox (badness 10000) has occurred while \output is active []

[313]
Overfull \hbox (70.4014pt too wide) has occurred while \output is active
[]|\TU/lmr/m/sl/10.95 12 ``In ev-ery re-spect a sport suited to our sex'': the women who changed small-boat sail-ing []
 []

[314<./images/chapter12/irex.png>]
<images/chapter12/maid-of-kent.png, id=2360, 1027.84pt x 717.68124pt>
File: images/chapter12/maid-of-kent.png Graphic file (type png)
<use images/chapter12/maid-of-kent.png>
Package luatex.def Info: images/chapter12/maid-of-kent.png  used on input line 7132.
(luatex.def)             Requested size: 1027.8375pt x 717.67949pt.

Underfull \vbox (badness 10000) has occurred while \output is active []

[315]
Overfull \hbox (70.4014pt too wide) has occurred while \output is active
[]|\TU/lmr/m/sl/10.95 12 ``In ev-ery re-spect a sport suited to our sex'': the women who changed small-boat sail-ing []
 []

[316<./images/chapter12/maid-of-kent.png>]
<images/chapter12/lines-of-maid-of-kent.png, id=2370, 486.31688pt x 206.27063pt>
File: images/chapter12/lines-of-maid-of-kent.png Graphic file (type png)
<use images/chapter12/lines-of-maid-of-kent.png>
Package luatex.def Info: images/chapter12/lines-of-maid-of-kent.png  used on input line 7158.
(luatex.def)             Requested size: 486.31569pt x 206.27011pt.
[317<./images/chapter12/lines-of-maid-of-kent.png>]
<images/chapter12/wyllies-under-sail.png, id=2378, 499.8675pt x 345.54094pt>
File: images/chapter12/wyllies-under-sail.png Graphic file (type png)
<use images/chapter12/wyllies-under-sail.png>
Package luatex.def Info: images/chapter12/wyllies-under-sail.png  used on input line 7203.
(luatex.def)             Requested size: 499.86627pt x 345.54008pt.

Underfull \vbox (badness 10000) has occurred while \output is active []


Overfull \hbox (70.4014pt too wide) has occurred while \output is active
[]|\TU/lmr/m/sl/10.95 12 ``In ev-ery re-spect a sport suited to our sex'': the women who changed small-boat sail-ing []
 []

[318] [319<./images/chapter12/wyllies-under-sail.png>]

LaTeX Warning: Reference `sec-chapter13' on page 320 undefined on input line 7257.


Overfull \hbox (70.4014pt too wide) has occurred while \output is active
[]|\TU/lmr/m/sl/10.95 12 ``In ev-ery re-spect a sport suited to our sex'': the women who changed small-boat sail-ing []
 []

[320] [321] [322


]
chapter 13.
<images/chapter13/spruce.jpg, id=2401, 371.13657pt x 374.90062pt>
File: images/chapter13/spruce.jpg Graphic file (type jpg)
<use images/chapter13/spruce.jpg>
Package luatex.def Info: images/chapter13/spruce.jpg  used on input line 7290.
(luatex.def)             Requested size: 371.13565pt x 374.8997pt.

Underfull \vbox (badness 10000) has occurred while \output is active []

[323]
Overfull \vbox (23.51396pt too high) has occurred while \output is active []

[324<./images/chapter13/spruce.jpg>]
<images/chapter13/spruce-4-from-folkard.jpg, id=2412, 259.7203pt x 292.84406pt>
File: images/chapter13/spruce-4-from-folkard.jpg Graphic file (type jpg)
<use images/chapter13/spruce-4-from-folkard.jpg>
Package luatex.def Info: images/chapter13/spruce-4-from-folkard.jpg  used on input line 7326.
(luatex.def)             Requested size: 259.71967pt x 292.84334pt.

Underfull \vbox (badness 10000) has occurred while \output is active []

[325]
<images/chapter13/gnome.png, id=2417, 682.55pt x 539.01375pt>
File: images/chapter13/gnome.png Graphic file (type png)
<use images/chapter13/gnome.png>
Package luatex.def Info: images/chapter13/gnome.png  used on input line 7347.
(luatex.def)             Requested size: 682.54834pt x 539.01242pt.
[326<./images/chapter13/spruce-4-from-folkard.jpg>] [327<./images/chapter13/gnome.png>] [328]
<images/chapter13/bouncer.jpg, id=2433, 300.12125pt x 224.84pt>
File: images/chapter13/bouncer.jpg Graphic file (type jpg)
<use images/chapter13/bouncer.jpg>
Package luatex.def Info: images/chapter13/bouncer.jpg  used on input line 7417.
(luatex.def)             Requested size: 300.12051pt x 224.83945pt.
<images/chapter13/clapham-bouncer-lines.jpg, id=2434, 741.77126pt x 266.9975pt>
File: images/chapter13/clapham-bouncer-lines.jpg Graphic file (type jpg)
<use images/chapter13/clapham-bouncer-lines.jpg>
Package luatex.def Info: images/chapter13/clapham-bouncer-lines.jpg  used on input line 7420.
(luatex.def)             Requested size: 741.76945pt x 266.99683pt.
<images/chapter13/bouncer-and-other-claphams.png, id=2435, 703.62875pt x 563.10374pt>
File: images/chapter13/bouncer-and-other-claphams.png Graphic file (type png)
<use images/chapter13/bouncer-and-other-claphams.png>
Package luatex.def Info: images/chapter13/bouncer-and-other-claphams.png  used on input line 7430.
(luatex.def)             Requested size: 703.62703pt x 563.10237pt.

Underfull \vbox (badness 10000) has occurred while \output is active []

[329] [330<./images/chapter13/bouncer.jpg><./images/chapter13/clapham-bouncer-lines.jpg>] [331<./images/chapter13/bouncer-and-other-claphams.png>]
<images/chapter13/question.png, id=2450, 71.5473pt x 69.861pt>
File: images/chapter13/question.png Graphic file (type png)
<use images/chapter13/question.png>
Package luatex.def Info: images/chapter13/question.png  used on input line 7467.
(luatex.def)             Requested size: 71.5471pt x 69.86081pt.
<images/chapter13/question_design_sketch.png, id=2451, 401.5pt x 278.03876pt>
File: images/chapter13/question_design_sketch.png Graphic file (type png)
<use images/chapter13/question_design_sketch.png>
Package luatex.def Info: images/chapter13/question_design_sketch.png  used on input line 7470.
(luatex.def)             Requested size: 401.49901pt x 278.03807pt.
[332] [333<./images/chapter13/question.png><./images/chapter13/question_design_sketch.png>]
<images/chapter13/scarecrow_lines.jpg, id=2464, 642.4pt x 386.44376pt>
File: images/chapter13/scarecrow_lines.jpg Graphic file (type jpg)
<use images/chapter13/scarecrow_lines.jpg>
Package luatex.def Info: images/chapter13/scarecrow_lines.jpg  used on input line 7524.
(luatex.def)             Requested size: 642.39844pt x 386.44281pt.

Underfull \vbox (badness 10000) has occurred while \output is active []

[334]
<images/chapter13/scarecrow-sailplan.png, id=2469, 392.96812pt x 425.33907pt>
File: images/chapter13/scarecrow-sailplan.png Graphic file (type png)
<use images/chapter13/scarecrow-sailplan.png>
Package luatex.def Info: images/chapter13/scarecrow-sailplan.png  used on input line 7541.
(luatex.def)             Requested size: 392.96715pt x 425.33801pt.
<images/chapter13/ethelwynn-sailplan.jpg, id=2470, 149.1171pt x 159.7167pt>
File: images/chapter13/ethelwynn-sailplan.jpg Graphic file (type jpg)
<use images/chapter13/ethelwynn-sailplan.jpg>
Package luatex.def Info: images/chapter13/ethelwynn-sailplan.jpg  used on input line 7544.
(luatex.def)             Requested size: 149.11673pt x 159.71631pt.
<images/chapter13/ethelwynn-plans.jpg, id=2471, 156.3441pt x 126.9543pt>
File: images/chapter13/ethelwynn-plans.jpg Graphic file (type jpg)
<use images/chapter13/ethelwynn-plans.jpg>
Package luatex.def Info: images/chapter13/ethelwynn-plans.jpg  used on input line 7547.
(luatex.def)             Requested size: 156.3437pt x 126.95398pt.

LaTeX Warning: Float too large for page by 354.83554pt on input line 7559.

[335<./images/chapter13/scarecrow_lines.jpg>] [336<./images/chapter13/scarecrow-sailplan.png><./images/chapter13/ethelwynn-sailplan.jpg><./images/chapter13/ethelwynn-plans.jpg>]
<images/chapter13/kismet.png, id=2482, 1027.84pt x 421.575pt>
File: images/chapter13/kismet.png Graphic file (type png)
<use images/chapter13/kismet.png>
Package luatex.def Info: images/chapter13/kismet.png  used on input line 7581.
(luatex.def)             Requested size: 1027.8375pt x 421.57396pt.
[337<./images/chapter13/kismet.png>] [338


]
chapter 14.
<images/chapter14/harry-b-snell-august-1896-outing-half-rater-painting.jpg, id=2494, 136.5903pt x 211.7511pt>
File: images/chapter14/harry-b-snell-august-1896-outing-half-rater-painting.jpg Graphic file (type jpg)
<use images/chapter14/harry-b-snell-august-1896-outing-half-rater-painting.jpg>
Package luatex.def Info: images/chapter14/harry-b-snell-august-1896-outing-half-rater-painting.jpg  used on input line 7607.
(luatex.def)             Requested size: 136.58995pt x 211.75056pt.

Underfull \vbox (badness 10000) has occurred while \output is active []

[339] [340<./images/chapter14/harry-b-snell-august-1896-outing-half-rater-painting.jpg>]

LaTeX Warning: File `images/chapter14/274-half-raters_trial_race.webp' not found on input line 7634.


! LaTeX Error: Unknown graphics extension: .webp.

See the LaTeX manual or LaTeX Companion for explanation.
Type  H <return>  for immediate help.
 ...                                              
                                                  
l.7634 ...hapter14/274-half-raters_trial_race.webp}}
                                                  

Here is how much of LuaTeX's memory you used:
 26746 strings out of 475892
 100000,1373583 words of node,token memory allocated
 7273 words of node memory still in use:
   27 hlist, 2 vlist, 7 rule, 24 disc, 1 local_par, 4 dir, 347 glue, 25 kern, 6 penalty, 6 margin_kern, 333 glyph, 298 attribute, 81 glue_spec, 298 attribute_list, 3 temp, 3 if_stack, 1 pdf_dest, 4 pdf_action, 6 pdf_colorstack nodes
   avail lists: 1:1,2:364,3:121,4:105,5:478,6:27,7:7358,8:29,9:327,10:22,11:389,12:1
 47647 multiletter control sequences out of 65536+600000
 85 fonts using 27185343 bytes
 108i,9n,114p,11226b,666s stack positions out of 10000i,1000n,20000p,200000b,200000s
!  ==> Fatal error occurred, no output PDF file produced!
